<Anims>
 <anim name="anim" root="powerflier" numframes="25" framerate="40">
  <frame idx="0" w="762" h="135" x="-35.428558" y="8.071430">
   <element name="cooldownbulb" layername="cooldownbulb" frame="0" z_index="5" m_a="1.000000" m_b="0.000000" m_c="0.000000" m_d="1.000000" m_tx="-59.523811" m_ty="-46.428570"/>
   <element name="damagebulb" layername="damagebulb" frame="0" z_index="4" m_a="1.000000" m_b="0.000000" m_c="0.000000" m_d="1.000000" m_tx="89.285713" m_ty="-39.285713"/>
   <element name="defensebulb" layername="defensebulb" frame="0" z_index="3" m_a="1.000000" m_b="0.000000" m_c="0.000000" m_d="1.000000" m_tx="-202.380951" m_ty="-39.285713"/>
   <element name="healbulb" layername="healbulb" frame="0" z_index="2" m_a="1.000000" m_b="0.000000" m_c="0.000000" m_d="1.000000" m_tx="-346.428558" m_ty="-33.333332"/>
   <element name="speedbulb" layername="speedbulb" frame="0" z_index="1" m_a="1.000000" m_b="0.000000" m_c="0.000000" m_d="1.000000" m_tx="234.523804" m_ty="-33.333332"/>
  </frame>
 </anim>
</Anims>
