<Anims>
 <anim name="dark" root="deathmatch_poi_marker" numframes="25" framerate="40">
  <frame idx="0" w="123" h="119" x="-3.700218" y="-2.525230">
   <element name="circle" layername="circle" frame="0" z_index="8" m_a="0.999996" m_b="0.000000" m_c="0.000000" m_d="0.999996" m_tx="-0.950000" m_ty="-1.000000"/>
  </frame>
 </anim>
 <anim name="idle" root="deathmatch_poi_marker" numframes="100" framerate="40">
  <frame idx="0" w="321" h="137" x="-63.798889" y="13.414501">
   <element name="arrow" layername="arrow" frame="0" z_index="7" m_a="0.000629" m_b="0.999985" m_c="-0.999985" m_d="0.000629" m_tx="-0.150000" m_ty="88.050003"/>
   <element name="circle" layername="circle" frame="0" z_index="8" m_a="1.000000" m_b="0.000000" m_c="0.000000" m_d="1.000000" m_tx="-0.950000" m_ty="-1.000000"/>
  </frame>
  <frame idx="25" w="321" h="137" x="-63.798889" y="13.414501">
   <element name="arrow" layername="arrow" frame="0" z_index="7" m_a="0.000629" m_b="0.999985" m_c="-0.999985" m_d="0.000629" m_tx="-0.150000" m_ty="88.050003"/>
   <element name="circle" layername="circle" frame="0" z_index="8" m_a="1.000000" m_b="0.000000" m_c="0.000000" m_d="1.000000" m_tx="-0.950000" m_ty="-1.000000"/>
  </frame>
  <frame idx="50" w="321" h="137" x="-63.798889" y="13.414501">
   <element name="arrow" layername="arrow" frame="0" z_index="7" m_a="0.000629" m_b="0.999985" m_c="-0.999985" m_d="0.000629" m_tx="-0.150000" m_ty="88.050003"/>
   <element name="circle" layername="circle" frame="0" z_index="8" m_a="1.000000" m_b="0.000000" m_c="0.000000" m_d="1.000000" m_tx="-0.950000" m_ty="-1.000000"/>
  </frame>
  <frame idx="75" w="321" h="137" x="-63.798889" y="13.414501">
   <element name="arrow" layername="arrow" frame="0" z_index="7" m_a="0.000629" m_b="0.999985" m_c="-0.999985" m_d="0.000629" m_tx="-0.150000" m_ty="88.050003"/>
   <element name="circle" layername="circle" frame="0" z_index="8" m_a="1.000000" m_b="0.000000" m_c="0.000000" m_d="1.000000" m_tx="-0.950000" m_ty="-1.000000"/>
  </frame>
 </anim>
 <anim name="light" root="deathmatch_poi_marker" numframes="25" framerate="40">
  <frame idx="0" w="123" h="119" x="-3.700005" y="-2.525021">
   <element name="circle" layername="circle" frame="1" z_index="8" m_a="1.000000" m_b="0.000000" m_c="0.000000" m_d="1.000000" m_tx="-0.950000" m_ty="-1.000000"/>
  </frame>
 </anim>
 <anim name="other" root="deathmatch_poi_marker" numframes="625" framerate="40">
  <frame idx="0" w="109" h="106" x="-15.658432" y="-14.259926">
   <element name="circle" layername="circle" frame="0" z_index="8" m_a="0.776478" m_b="0.000000" m_c="0.000000" m_d="0.776478" m_tx="-0.950000" m_ty="-1.000000"/>
  </frame>
  <frame idx="25" w="107" h="104" x="-18.211483" y="-16.765255">
   <element name="circle" layername="circle" frame="0" z_index="8" m_a="0.728757" m_b="0.000000" m_c="0.000000" m_d="0.728757" m_tx="-0.950000" m_ty="-1.000000"/>
  </frame>
  <frame idx="50" w="106" h="103" x="-19.130581" y="-17.667175">
   <element name="circle" layername="circle" frame="0" z_index="8" m_a="0.711578" m_b="0.000000" m_c="0.000000" m_d="0.711578" m_tx="-0.950000" m_ty="-1.000000"/>
  </frame>
  <frame idx="75" w="106" h="103" x="-19.130581" y="-17.667175">
   <element name="circle" layername="circle" frame="0" z_index="8" m_a="0.711578" m_b="0.000000" m_c="0.000000" m_d="0.711578" m_tx="-0.950000" m_ty="-1.000000"/>
  </frame>
  <frame idx="100" w="106" h="103" x="-19.130581" y="-17.667175">
   <element name="circle" layername="circle" frame="0" z_index="8" m_a="0.711578" m_b="0.000000" m_c="0.000000" m_d="0.711578" m_tx="-0.950000" m_ty="-1.000000"/>
  </frame>
  <frame idx="125" w="134" h="130" x="6.468849" y="7.453762">
   <element name="circle" layername="circle" frame="0" z_index="8" m_a="1.190072" m_b="0.000000" m_c="0.000000" m_d="1.190072" m_tx="-0.950000" m_ty="-1.000000"/>
  </frame>
  <frame idx="150" w="143" h="139" x="14.767433" y="15.597233">
   <element name="circle" layername="circle" frame="1" z_index="8" m_a="1.345186" m_b="0.000000" m_c="0.000000" m_d="1.345186" m_tx="-0.950000" m_ty="-1.000000"/>
  </frame>
  <frame idx="175" w="152" h="150" x="23.092140" y="25.076420">
   <element name="circle" layername="circle" frame="1" z_index="7" m_a="1.310623" m_b="0.000000" m_c="0.000000" m_d="1.310623" m_tx="-0.950000" m_ty="-1.000000"/>
   <element name="circle" layername="circle" frame="2" z_index="8" m_a="1.502346" m_b="0.000000" m_c="0.000000" m_d="1.502346" m_tx="-1.033366" m_ty="-1.095842"/>
  </frame>
  <frame idx="200" w="156" h="152" x="25.880329" y="27.793537">
   <element name="circle" layername="circle" frame="1" z_index="7" m_a="1.259540" m_b="0.000000" m_c="0.000000" m_d="1.259540" m_tx="-0.950000" m_ty="-1.000000"/>
   <element name="circle" layername="circle" frame="2" z_index="8" m_a="1.553490" m_b="0.000000" m_c="0.000000" m_d="1.553490" m_tx="-0.981385" m_ty="-1.082850"/>
  </frame>
  <frame idx="225" w="159" h="156" x="28.620255" y="30.473331">
   <element name="circle" layername="circle" frame="1" z_index="7" m_a="1.193547" m_b="0.000000" m_c="0.000000" m_d="1.193547" m_tx="-0.950000" m_ty="-1.000000"/>
   <element name="circle" layername="circle" frame="2" z_index="8" m_a="1.603931" m_b="0.000000" m_c="0.000000" m_d="1.603931" m_tx="-0.930118" m_ty="-1.070034"/>
  </frame>
  <frame idx="250" w="161" h="159" x="31.189415" y="33.000576">
   <element name="circle" layername="circle" frame="1" z_index="7" m_a="1.128699" m_b="0.000000" m_c="0.000000" m_d="1.128699" m_tx="-0.950000" m_ty="-1.000000"/>
   <element name="circle" layername="circle" frame="2" z_index="8" m_a="1.651501" m_b="0.000000" m_c="0.000000" m_d="1.651501" m_tx="-0.881766" m_ty="-1.057944"/>
  </frame>
  <frame idx="275" w="163" h="161" x="33.474724" y="35.263271">
   <element name="circle" layername="circle" frame="1" z_index="7" m_a="1.071050" m_b="0.000000" m_c="0.000000" m_d="1.071050" m_tx="-0.950000" m_ty="-1.000000"/>
   <element name="circle" layername="circle" frame="3" z_index="8" m_a="1.694052" m_b="0.000000" m_c="0.000000" m_d="1.694052" m_tx="-0.864106" m_ty="-1.042948"/>
  </frame>
  <frame idx="300" w="165" h="163" x="35.342201" y="37.146152">
   <element name="circle" layername="circle" frame="1" z_index="7" m_a="1.027330" m_b="0.000000" m_c="0.000000" m_d="1.027330" m_tx="-0.950000" m_ty="-1.000000"/>
   <element name="circle" layername="circle" frame="3" z_index="8" m_a="1.729370" m_b="0.000000" m_c="0.000000" m_d="1.729370" m_tx="-0.908186" m_ty="-1.020910"/>
  </frame>
  <frame idx="325" w="168" h="165" x="36.947304" y="39.132313">
   <element name="circle" layername="circle" frame="1" z_index="7" m_a="1.007234" m_b="0.000000" m_c="0.000000" m_d="1.007234" m_tx="-0.950000" m_ty="-1.000000"/>
   <element name="circle" layername="circle" frame="3" z_index="8" m_a="1.753995" m_b="0.000000" m_c="0.000000" m_d="1.753995" m_tx="-0.332840" m_ty="0.341177"/>
  </frame>
  <frame idx="350" w="163" h="158" x="31.903450" y="32.295895">
   <element name="circle" layername="circle" frame="1" z_index="6" m_a="1.000000" m_b="0.000000" m_c="0.000000" m_d="1.000000" m_tx="-0.950000" m_ty="-1.000000"/>
   <element name="circle" layername="circle" frame="4" z_index="7" m_a="1.661347" m_b="0.000000" m_c="0.000000" m_d="1.661347" m_tx="-0.559256" m_ty="-0.163354"/>
   <element name="circle" layername="circle_2" frame="2" z_index="8" m_a="1.485980" m_b="0.000000" m_c="0.000000" m_d="1.485980" m_tx="-1.050000" m_ty="-1.100000"/>
  </frame>
  <frame idx="375" w="157" h="153" x="26.744186" y="28.677059">
   <element name="circle" layername="circle" frame="1" z_index="7" m_a="1.000000" m_b="0.000000" m_c="0.000000" m_d="1.000000" m_tx="-0.950000" m_ty="-1.000000"/>
   <element name="circle" layername="circle" frame="2" z_index="8" m_a="1.570120" m_b="0.000000" m_c="0.000000" m_d="1.570120" m_tx="-0.964482" m_ty="-1.078624"/>
   <element name="circle" layername="circle_2" frame="2" z_index="8" m_a="1.485980" m_b="0.000000" m_c="0.000000" m_d="1.485980" m_tx="-1.050000" m_ty="-1.100000"/>
  </frame>
  <frame idx="400" w="160" h="157" x="29.550980" y="31.438061">
   <element name="circle" layername="circle" frame="1" z_index="7" m_a="1.000000" m_b="0.000000" m_c="0.000000" m_d="1.000000" m_tx="-0.950000" m_ty="-1.000000"/>
   <element name="circle" layername="circle" frame="2" z_index="8" m_a="1.622090" m_b="0.000000" m_c="0.000000" m_d="1.622090" m_tx="-0.911662" m_ty="-1.065420"/>
   <element name="circle" layername="circle_2" frame="2" z_index="8" m_a="1.485980" m_b="0.000000" m_c="0.000000" m_d="1.485980" m_tx="-1.050000" m_ty="-1.100000"/>
  </frame>
  <frame idx="425" w="162" h="159" x="31.959915" y="33.807682">
   <element name="circle" layername="circle" frame="1" z_index="7" m_a="1.000000" m_b="0.000000" m_c="0.000000" m_d="1.000000" m_tx="-0.950000" m_ty="-1.000000"/>
   <element name="circle" layername="circle" frame="2" z_index="8" m_a="1.666693" m_b="0.000000" m_c="0.000000" m_d="1.666693" m_tx="-0.866323" m_ty="-1.054082"/>
   <element name="circle" layername="circle_2" frame="2" z_index="8" m_a="1.485980" m_b="0.000000" m_c="0.000000" m_d="1.485980" m_tx="-1.050000" m_ty="-1.100000"/>
  </frame>
  <frame idx="450" w="164" h="161" x="34.022308" y="35.865795">
   <element name="circle" layername="circle" frame="1" z_index="7" m_a="1.000000" m_b="0.000000" m_c="0.000000" m_d="1.000000" m_tx="-0.950000" m_ty="-1.000000"/>
   <element name="circle" layername="circle" frame="3" z_index="8" m_a="1.705354" m_b="0.000000" m_c="0.000000" m_d="1.705354" m_tx="-0.878212" m_ty="-1.035896"/>
   <element name="circle" layername="circle_2" frame="2" z_index="8" m_a="1.485980" m_b="0.000000" m_c="0.000000" m_d="1.485980" m_tx="-1.050000" m_ty="-1.100000"/>
  </frame>
  <frame idx="475" w="167" h="163" x="35.820457" y="37.798901">
   <element name="circle" layername="circle" frame="1" z_index="7" m_a="1.000000" m_b="0.000000" m_c="0.000000" m_d="1.000000" m_tx="-0.950000" m_ty="-1.000000"/>
   <element name="circle" layername="circle" frame="3" z_index="8" m_a="1.737489" m_b="0.000000" m_c="0.000000" m_d="1.737489" m_tx="-0.720377" m_ty="-0.576012"/>
   <element name="circle" layername="circle_2" frame="2" z_index="8" m_a="1.485980" m_b="0.000000" m_c="0.000000" m_d="1.485980" m_tx="-1.050000" m_ty="-1.100000"/>
  </frame>
  <frame idx="500" w="169" h="164" x="37.830589" y="38.059254">
   <element name="circle" layername="circle" frame="1" z_index="7" m_a="1.000000" m_b="0.000000" m_c="0.000000" m_d="1.000000" m_tx="-0.950000" m_ty="-1.000000"/>
   <element name="circle" layername="circle" frame="4" z_index="8" m_a="1.762860" m_b="0.000000" m_c="0.000000" m_d="1.762860" m_tx="-0.113807" m_ty="0.806053"/>
   <element name="circle" layername="circle_2" frame="2" z_index="8" m_a="1.485980" m_b="0.000000" m_c="0.000000" m_d="1.485980" m_tx="-1.050000" m_ty="-1.100000"/>
  </frame>
  <frame idx="525" w="169" h="164" x="37.830589" y="38.059254">
   <element name="circle" layername="circle" frame="1" z_index="7" m_a="1.000000" m_b="0.000000" m_c="0.000000" m_d="1.000000" m_tx="-0.950000" m_ty="-1.000000"/>
   <element name="circle" layername="circle" frame="4" z_index="8" m_a="1.762860" m_b="0.000000" m_c="0.000000" m_d="1.762860" m_tx="-0.113807" m_ty="0.806053"/>
   <element name="circle" layername="circle_2" frame="2" z_index="8" m_a="1.485980" m_b="0.000000" m_c="0.000000" m_d="1.485980" m_tx="-1.050000" m_ty="-1.100000"/>
  </frame>
  <frame idx="550" w="167" h="161" x="35.270897" y="35.584064">
   <element name="circle" layername="circle" frame="1" z_index="8" m_a="1.000000" m_b="0.000000" m_c="0.000000" m_d="1.000000" m_tx="-0.950000" m_ty="-1.000000"/>
   <element name="circle" layername="circle" frame="4" z_index="8" m_a="1.718559" m_b="0.000000" m_c="0.000000" m_d="1.718559" m_tx="-0.281249" m_ty="0.462960"/>
   <element name="circle" layername="circle_2" frame="2" z_index="8" m_a="1.485980" m_b="0.000000" m_c="0.000000" m_d="1.485980" m_tx="-1.050000" m_ty="-1.100000"/>
  </frame>
  <frame idx="575" w="162" h="157" x="31.284855" y="31.731129">
   <element name="circle" layername="circle" frame="1" z_index="8" m_a="1.000000" m_b="0.000000" m_c="0.000000" m_d="1.000000" m_tx="-0.950000" m_ty="-1.000000"/>
   <element name="circle" layername="circle" frame="4" z_index="8" m_a="1.649339" m_b="0.000000" m_c="0.000000" m_d="1.649339" m_tx="-0.529416" m_ty="-0.044047"/>
   <element name="circle" layername="circle_2" frame="2" z_index="8" m_a="1.485980" m_b="0.000000" m_c="0.000000" m_d="1.485980" m_tx="-1.050000" m_ty="-1.100000"/>
  </frame>
  <frame idx="600" w="159" h="152" x="27.315220" y="27.895908">
   <element name="circle" layername="circle" frame="1" z_index="8" m_a="1.000000" m_b="0.000000" m_c="0.000000" m_d="1.000000" m_tx="-0.950000" m_ty="-1.000000"/>
   <element name="circle" layername="circle" frame="4" z_index="8" m_a="1.580119" m_b="0.000000" m_c="0.000000" m_d="1.580119" m_tx="-0.761166" m_ty="-0.515596"/>
   <element name="circle" layername="circle_2" frame="2" z_index="8" m_a="1.485980" m_b="0.000000" m_c="0.000000" m_d="1.485980" m_tx="-1.050000" m_ty="-1.100000"/>
  </frame>
 </anim>
 <anim name="ring" root="deathmatch_poi_marker" numframes="100" framerate="40">
  <frame idx="0" w="112" h="117" x="-0.400002" y="-1.999962">
   <element name="circle" layername="circle" frame="5" z_index="8" m_a="1.000000" m_b="0.000000" m_c="0.000000" m_d="1.000000" m_tx="-0.950000" m_ty="-1.000000"/>
  </frame>
  <frame idx="25" w="112" h="117" x="-0.400002" y="-1.999962">
   <element name="circle" layername="circle" frame="5" z_index="8" m_a="1.000000" m_b="0.000000" m_c="0.000000" m_d="1.000000" m_tx="-0.950000" m_ty="-1.000000"/>
  </frame>
  <frame idx="50" w="112" h="117" x="-0.400002" y="-1.999962">
   <element name="circle" layername="circle" frame="5" z_index="8" m_a="1.000000" m_b="0.000000" m_c="0.000000" m_d="1.000000" m_tx="-0.950000" m_ty="-1.000000"/>
  </frame>
  <frame idx="75" w="112" h="117" x="-0.400002" y="-1.999962">
   <element name="circle" layername="circle" frame="5" z_index="8" m_a="1.000000" m_b="0.000000" m_c="0.000000" m_d="1.000000" m_tx="-0.950000" m_ty="-1.000000"/>
  </frame>
 </anim>
</Anims>
