<Anims>
 <anim name="idle" root="deathmatch_pickup" numframes="6000" framerate="40">
  <frame idx="0" w="143" h="238" x="0.000000" y="-90.000000">
   <element name="body" layername="body" frame="0" z_index="2" m_a="1.000000" m_b="0.000000" m_c="0.000000" m_d="1.000000" m_tx="0.000000" m_ty="-90.000000"/>
   <element name="symbol_nil" layername="symbol_nil" frame="0" z_index="1" m_a="1.000000" m_b="0.000000" m_c="0.000000" m_d="1.000000" m_tx="0.000000" m_ty="-90.000000"/>
  </frame>
  <frame idx="25" w="143" h="239" x="0.000000" y="-90.166656">
   <element name="body" layername="body" frame="0" z_index="2" m_a="1.000000" m_b="0.000000" m_c="0.000000" m_d="1.000000" m_tx="0.000000" m_ty="-90.166664"/>
   <element name="symbol_nil" layername="symbol_nil" frame="0" z_index="1" m_a="1.000000" m_b="0.000000" m_c="0.000000" m_d="1.000000" m_tx="0.000000" m_ty="-90.166664"/>
  </frame>
  <frame idx="50" w="143" h="239" x="0.000000" y="-90.333344">
   <element name="body" layername="body" frame="0" z_index="2" m_a="1.000000" m_b="0.000000" m_c="0.000000" m_d="1.000000" m_tx="0.000000" m_ty="-90.333336"/>
   <element name="symbol_nil" layername="symbol_nil" frame="0" z_index="1" m_a="1.000000" m_b="0.000000" m_c="0.000000" m_d="1.000000" m_tx="0.000000" m_ty="-90.333336"/>
  </frame>
  <frame idx="75" w="143" h="239" x="0.000000" y="-90.500000">
   <element name="body" layername="body" frame="0" z_index="2" m_a="1.000000" m_b="0.000000" m_c="0.000000" m_d="1.000000" m_tx="0.000000" m_ty="-90.500000"/>
   <element name="symbol_nil" layername="symbol_nil" frame="0" z_index="1" m_a="1.000000" m_b="0.000000" m_c="0.000000" m_d="1.000000" m_tx="0.000000" m_ty="-90.500000"/>
  </frame>
  <frame idx="100" w="143" h="239" x="0.000000" y="-90.666656">
   <element name="body" layername="body" frame="0" z_index="2" m_a="1.000000" m_b="0.000000" m_c="0.000000" m_d="1.000000" m_tx="0.000000" m_ty="-90.666664"/>
   <element name="symbol_nil" layername="symbol_nil" frame="0" z_index="1" m_a="1.000000" m_b="0.000000" m_c="0.000000" m_d="1.000000" m_tx="0.000000" m_ty="-90.666664"/>
  </frame>
  <frame idx="125" w="143" h="239" x="0.000000" y="-90.833344">
   <element name="body" layername="body" frame="0" z_index="2" m_a="1.000000" m_b="0.000000" m_c="0.000000" m_d="1.000000" m_tx="0.000000" m_ty="-90.833336"/>
   <element name="symbol_nil" layername="symbol_nil" frame="0" z_index="1" m_a="1.000000" m_b="0.000000" m_c="0.000000" m_d="1.000000" m_tx="0.000000" m_ty="-90.833336"/>
  </frame>
  <frame idx="150" w="143" h="239" x="0.000000" y="-91.000000">
   <element name="body" layername="body" frame="0" z_index="2" m_a="1.000000" m_b="0.000000" m_c="0.000000" m_d="1.000000" m_tx="0.000000" m_ty="-91.000000"/>
   <element name="symbol_nil" layername="symbol_nil" frame="0" z_index="1" m_a="1.000000" m_b="0.000000" m_c="0.000000" m_d="1.000000" m_tx="0.000000" m_ty="-91.000000"/>
  </frame>
  <frame idx="175" w="143" h="240" x="0.000000" y="-91.166656">
   <element name="body" layername="body" frame="0" z_index="2" m_a="1.000000" m_b="0.000000" m_c="0.000000" m_d="1.000000" m_tx="0.000000" m_ty="-91.166664"/>
   <element name="symbol_nil" layername="symbol_nil" frame="0" z_index="1" m_a="1.000000" m_b="0.000000" m_c="0.000000" m_d="1.000000" m_tx="0.000000" m_ty="-91.166664"/>
  </frame>
  <frame idx="200" w="143" h="240" x="0.000000" y="-91.333344">
   <element name="body" layername="body" frame="0" z_index="2" m_a="1.000000" m_b="0.000000" m_c="0.000000" m_d="1.000000" m_tx="0.000000" m_ty="-91.333336"/>
   <element name="symbol_nil" layername="symbol_nil" frame="0" z_index="1" m_a="1.000000" m_b="0.000000" m_c="0.000000" m_d="1.000000" m_tx="0.000000" m_ty="-91.333336"/>
  </frame>
  <frame idx="225" w="143" h="240" x="0.000000" y="-91.500000">
   <element name="body" layername="body" frame="0" z_index="2" m_a="1.000000" m_b="0.000000" m_c="0.000000" m_d="1.000000" m_tx="0.000000" m_ty="-91.500000"/>
   <element name="symbol_nil" layername="symbol_nil" frame="0" z_index="1" m_a="1.000000" m_b="0.000000" m_c="0.000000" m_d="1.000000" m_tx="0.000000" m_ty="-91.500000"/>
  </frame>
  <frame idx="250" w="143" h="240" x="0.000000" y="-91.666656">
   <element name="body" layername="body" frame="0" z_index="2" m_a="1.000000" m_b="0.000000" m_c="0.000000" m_d="1.000000" m_tx="0.000000" m_ty="-91.666664"/>
   <element name="symbol_nil" layername="symbol_nil" frame="0" z_index="1" m_a="1.000000" m_b="0.000000" m_c="0.000000" m_d="1.000000" m_tx="0.000000" m_ty="-91.666664"/>
  </frame>
  <frame idx="275" w="143" h="240" x="0.000000" y="-91.833344">
   <element name="body" layername="body" frame="0" z_index="2" m_a="1.000000" m_b="0.000000" m_c="0.000000" m_d="1.000000" m_tx="0.000000" m_ty="-91.833336"/>
   <element name="symbol_nil" layername="symbol_nil" frame="0" z_index="1" m_a="1.000000" m_b="0.000000" m_c="0.000000" m_d="1.000000" m_tx="0.000000" m_ty="-91.833336"/>
  </frame>
  <frame idx="300" w="143" h="240" x="0.000000" y="-92.000000">
   <element name="body" layername="body" frame="0" z_index="2" m_a="1.000000" m_b="0.000000" m_c="0.000000" m_d="1.000000" m_tx="0.000000" m_ty="-92.000000"/>
   <element name="symbol_nil" layername="symbol_nil" frame="0" z_index="1" m_a="1.000000" m_b="0.000000" m_c="0.000000" m_d="1.000000" m_tx="0.000000" m_ty="-92.000000"/>
  </frame>
  <frame idx="325" w="143" h="241" x="0.000000" y="-92.166656">
   <element name="body" layername="body" frame="0" z_index="2" m_a="1.000000" m_b="0.000000" m_c="0.000000" m_d="1.000000" m_tx="0.000000" m_ty="-92.166664"/>
   <element name="symbol_nil" layername="symbol_nil" frame="0" z_index="1" m_a="1.000000" m_b="0.000000" m_c="0.000000" m_d="1.000000" m_tx="0.000000" m_ty="-92.166664"/>
  </frame>
  <frame idx="350" w="143" h="241" x="0.000000" y="-92.333344">
   <element name="body" layername="body" frame="0" z_index="2" m_a="1.000000" m_b="0.000000" m_c="0.000000" m_d="1.000000" m_tx="0.000000" m_ty="-92.333336"/>
   <element name="symbol_nil" layername="symbol_nil" frame="0" z_index="1" m_a="1.000000" m_b="0.000000" m_c="0.000000" m_d="1.000000" m_tx="0.000000" m_ty="-92.333336"/>
  </frame>
  <frame idx="375" w="143" h="241" x="0.000000" y="-92.500000">
   <element name="body" layername="body" frame="0" z_index="2" m_a="1.000000" m_b="0.000000" m_c="0.000000" m_d="1.000000" m_tx="0.000000" m_ty="-92.500000"/>
   <element name="symbol_nil" layername="symbol_nil" frame="0" z_index="1" m_a="1.000000" m_b="0.000000" m_c="0.000000" m_d="1.000000" m_tx="0.000000" m_ty="-92.500000"/>
  </frame>
  <frame idx="400" w="143" h="241" x="0.000000" y="-92.666656">
   <element name="body" layername="body" frame="0" z_index="2" m_a="1.000000" m_b="0.000000" m_c="0.000000" m_d="1.000000" m_tx="0.000000" m_ty="-92.666664"/>
   <element name="symbol_nil" layername="symbol_nil" frame="0" z_index="1" m_a="1.000000" m_b="0.000000" m_c="0.000000" m_d="1.000000" m_tx="0.000000" m_ty="-92.666664"/>
  </frame>
  <frame idx="425" w="143" h="241" x="0.000000" y="-92.833344">
   <element name="body" layername="body" frame="0" z_index="2" m_a="1.000000" m_b="0.000000" m_c="0.000000" m_d="1.000000" m_tx="0.000000" m_ty="-92.833336"/>
   <element name="symbol_nil" layername="symbol_nil" frame="0" z_index="1" m_a="1.000000" m_b="0.000000" m_c="0.000000" m_d="1.000000" m_tx="0.000000" m_ty="-92.833336"/>
  </frame>
  <frame idx="450" w="143" h="241" x="0.000000" y="-93.000000">
   <element name="body" layername="body" frame="0" z_index="2" m_a="1.000000" m_b="0.000000" m_c="0.000000" m_d="1.000000" m_tx="0.000000" m_ty="-93.000000"/>
   <element name="symbol_nil" layername="symbol_nil" frame="0" z_index="1" m_a="1.000000" m_b="0.000000" m_c="0.000000" m_d="1.000000" m_tx="0.000000" m_ty="-93.000000"/>
  </frame>
  <frame idx="475" w="143" h="242" x="0.000000" y="-93.166656">
   <element name="body" layername="body" frame="0" z_index="2" m_a="1.000000" m_b="0.000000" m_c="0.000000" m_d="1.000000" m_tx="0.000000" m_ty="-93.166664"/>
   <element name="symbol_nil" layername="symbol_nil" frame="0" z_index="1" m_a="1.000000" m_b="0.000000" m_c="0.000000" m_d="1.000000" m_tx="0.000000" m_ty="-93.166664"/>
  </frame>
  <frame idx="500" w="143" h="242" x="0.000000" y="-93.333344">
   <element name="body" layername="body" frame="0" z_index="2" m_a="1.000000" m_b="0.000000" m_c="0.000000" m_d="1.000000" m_tx="0.000000" m_ty="-93.333336"/>
   <element name="symbol_nil" layername="symbol_nil" frame="0" z_index="1" m_a="1.000000" m_b="0.000000" m_c="0.000000" m_d="1.000000" m_tx="0.000000" m_ty="-93.333336"/>
  </frame>
  <frame idx="525" w="143" h="242" x="0.000000" y="-93.500000">
   <element name="body" layername="body" frame="0" z_index="2" m_a="1.000000" m_b="0.000000" m_c="0.000000" m_d="1.000000" m_tx="0.000000" m_ty="-93.500000"/>
   <element name="symbol_nil" layername="symbol_nil" frame="0" z_index="1" m_a="1.000000" m_b="0.000000" m_c="0.000000" m_d="1.000000" m_tx="0.000000" m_ty="-93.500000"/>
  </frame>
  <frame idx="550" w="143" h="242" x="0.000000" y="-93.666656">
   <element name="body" layername="body" frame="0" z_index="2" m_a="1.000000" m_b="0.000000" m_c="0.000000" m_d="1.000000" m_tx="0.000000" m_ty="-93.666664"/>
   <element name="symbol_nil" layername="symbol_nil" frame="0" z_index="1" m_a="1.000000" m_b="0.000000" m_c="0.000000" m_d="1.000000" m_tx="0.000000" m_ty="-93.666664"/>
  </frame>
  <frame idx="575" w="143" h="242" x="0.000000" y="-93.833344">
   <element name="body" layername="body" frame="0" z_index="2" m_a="1.000000" m_b="0.000000" m_c="0.000000" m_d="1.000000" m_tx="0.000000" m_ty="-93.833336"/>
   <element name="symbol_nil" layername="symbol_nil" frame="0" z_index="1" m_a="1.000000" m_b="0.000000" m_c="0.000000" m_d="1.000000" m_tx="0.000000" m_ty="-93.833336"/>
  </frame>
  <frame idx="600" w="143" h="242" x="0.000000" y="-94.000000">
   <element name="body" layername="body" frame="0" z_index="2" m_a="1.000000" m_b="0.000000" m_c="0.000000" m_d="1.000000" m_tx="0.000000" m_ty="-94.000000"/>
   <element name="symbol_nil" layername="symbol_nil" frame="0" z_index="1" m_a="1.000000" m_b="0.000000" m_c="0.000000" m_d="1.000000" m_tx="0.000000" m_ty="-94.000000"/>
  </frame>
  <frame idx="625" w="143" h="244" x="0.000000" y="-94.166656">
   <element name="body" layername="body" frame="0" z_index="2" m_a="1.000000" m_b="0.000000" m_c="0.000000" m_d="1.000000" m_tx="0.000000" m_ty="-94.166664"/>
   <element name="symbol_nil" layername="symbol_nil" frame="0" z_index="1" m_a="1.000000" m_b="0.000000" m_c="0.000000" m_d="1.000000" m_tx="0.000000" m_ty="-94.166664"/>
  </frame>
  <frame idx="650" w="143" h="244" x="0.000000" y="-94.333344">
   <element name="body" layername="body" frame="0" z_index="2" m_a="1.000000" m_b="0.000000" m_c="0.000000" m_d="1.000000" m_tx="0.000000" m_ty="-94.333336"/>
   <element name="symbol_nil" layername="symbol_nil" frame="0" z_index="1" m_a="1.000000" m_b="0.000000" m_c="0.000000" m_d="1.000000" m_tx="0.000000" m_ty="-94.333336"/>
  </frame>
  <frame idx="675" w="143" h="244" x="0.000000" y="-94.500000">
   <element name="body" layername="body" frame="0" z_index="2" m_a="1.000000" m_b="0.000000" m_c="0.000000" m_d="1.000000" m_tx="0.000000" m_ty="-94.500000"/>
   <element name="symbol_nil" layername="symbol_nil" frame="0" z_index="1" m_a="1.000000" m_b="0.000000" m_c="0.000000" m_d="1.000000" m_tx="0.000000" m_ty="-94.500000"/>
  </frame>
  <frame idx="700" w="143" h="244" x="0.000000" y="-94.666656">
   <element name="body" layername="body" frame="0" z_index="2" m_a="1.000000" m_b="0.000000" m_c="0.000000" m_d="1.000000" m_tx="0.000000" m_ty="-94.666664"/>
   <element name="symbol_nil" layername="symbol_nil" frame="0" z_index="1" m_a="1.000000" m_b="0.000000" m_c="0.000000" m_d="1.000000" m_tx="0.000000" m_ty="-94.666664"/>
  </frame>
  <frame idx="725" w="143" h="244" x="0.000000" y="-94.833344">
   <element name="body" layername="body" frame="0" z_index="2" m_a="1.000000" m_b="0.000000" m_c="0.000000" m_d="1.000000" m_tx="0.000000" m_ty="-94.833336"/>
   <element name="symbol_nil" layername="symbol_nil" frame="0" z_index="1" m_a="1.000000" m_b="0.000000" m_c="0.000000" m_d="1.000000" m_tx="0.000000" m_ty="-94.833336"/>
  </frame>
  <frame idx="750" w="143" h="244" x="0.000000" y="-95.000000">
   <element name="body" layername="body" frame="0" z_index="2" m_a="1.000000" m_b="0.000000" m_c="0.000000" m_d="1.000000" m_tx="0.000000" m_ty="-95.000000"/>
   <element name="symbol_nil" layername="symbol_nil" frame="0" z_index="1" m_a="1.000000" m_b="0.000000" m_c="0.000000" m_d="1.000000" m_tx="0.000000" m_ty="-95.000000"/>
  </frame>
  <frame idx="775" w="143" h="245" x="0.000000" y="-95.166656">
   <element name="body" layername="body" frame="0" z_index="2" m_a="1.000000" m_b="0.000000" m_c="0.000000" m_d="1.000000" m_tx="0.000000" m_ty="-95.166664"/>
   <element name="symbol_nil" layername="symbol_nil" frame="0" z_index="1" m_a="1.000000" m_b="0.000000" m_c="0.000000" m_d="1.000000" m_tx="0.000000" m_ty="-95.166664"/>
  </frame>
  <frame idx="800" w="143" h="245" x="0.000000" y="-95.333344">
   <element name="body" layername="body" frame="0" z_index="2" m_a="1.000000" m_b="0.000000" m_c="0.000000" m_d="1.000000" m_tx="0.000000" m_ty="-95.333336"/>
   <element name="symbol_nil" layername="symbol_nil" frame="0" z_index="1" m_a="1.000000" m_b="0.000000" m_c="0.000000" m_d="1.000000" m_tx="0.000000" m_ty="-95.333336"/>
  </frame>
  <frame idx="825" w="143" h="245" x="0.000000" y="-95.500000">
   <element name="body" layername="body" frame="0" z_index="2" m_a="1.000000" m_b="0.000000" m_c="0.000000" m_d="1.000000" m_tx="0.000000" m_ty="-95.500000"/>
   <element name="symbol_nil" layername="symbol_nil" frame="0" z_index="1" m_a="1.000000" m_b="0.000000" m_c="0.000000" m_d="1.000000" m_tx="0.000000" m_ty="-95.500000"/>
  </frame>
  <frame idx="850" w="143" h="245" x="0.000000" y="-95.666656">
   <element name="body" layername="body" frame="0" z_index="2" m_a="1.000000" m_b="0.000000" m_c="0.000000" m_d="1.000000" m_tx="0.000000" m_ty="-95.666664"/>
   <element name="symbol_nil" layername="symbol_nil" frame="0" z_index="1" m_a="1.000000" m_b="0.000000" m_c="0.000000" m_d="1.000000" m_tx="0.000000" m_ty="-95.666664"/>
  </frame>
  <frame idx="875" w="143" h="245" x="0.000000" y="-95.833344">
   <element name="body" layername="body" frame="0" z_index="2" m_a="1.000000" m_b="0.000000" m_c="0.000000" m_d="1.000000" m_tx="0.000000" m_ty="-95.833336"/>
   <element name="symbol_nil" layername="symbol_nil" frame="0" z_index="1" m_a="1.000000" m_b="0.000000" m_c="0.000000" m_d="1.000000" m_tx="0.000000" m_ty="-95.833336"/>
  </frame>
  <frame idx="900" w="143" h="245" x="0.000000" y="-96.000000">
   <element name="body" layername="body" frame="0" z_index="2" m_a="1.000000" m_b="0.000000" m_c="0.000000" m_d="1.000000" m_tx="0.000000" m_ty="-96.000000"/>
   <element name="symbol_nil" layername="symbol_nil" frame="0" z_index="1" m_a="1.000000" m_b="0.000000" m_c="0.000000" m_d="1.000000" m_tx="0.000000" m_ty="-96.000000"/>
  </frame>
  <frame idx="925" w="143" h="246" x="0.000000" y="-96.166656">
   <element name="body" layername="body" frame="0" z_index="2" m_a="1.000000" m_b="0.000000" m_c="0.000000" m_d="1.000000" m_tx="0.000000" m_ty="-96.166664"/>
   <element name="symbol_nil" layername="symbol_nil" frame="0" z_index="1" m_a="1.000000" m_b="0.000000" m_c="0.000000" m_d="1.000000" m_tx="0.000000" m_ty="-96.166664"/>
  </frame>
  <frame idx="950" w="143" h="246" x="0.000000" y="-96.333344">
   <element name="body" layername="body" frame="0" z_index="2" m_a="1.000000" m_b="0.000000" m_c="0.000000" m_d="1.000000" m_tx="0.000000" m_ty="-96.333336"/>
   <element name="symbol_nil" layername="symbol_nil" frame="0" z_index="1" m_a="1.000000" m_b="0.000000" m_c="0.000000" m_d="1.000000" m_tx="0.000000" m_ty="-96.333336"/>
  </frame>
  <frame idx="975" w="143" h="246" x="0.000000" y="-96.500000">
   <element name="body" layername="body" frame="0" z_index="2" m_a="1.000000" m_b="0.000000" m_c="0.000000" m_d="1.000000" m_tx="0.000000" m_ty="-96.500000"/>
   <element name="symbol_nil" layername="symbol_nil" frame="0" z_index="1" m_a="1.000000" m_b="0.000000" m_c="0.000000" m_d="1.000000" m_tx="0.000000" m_ty="-96.500000"/>
  </frame>
  <frame idx="1000" w="143" h="246" x="0.000000" y="-96.666656">
   <element name="body" layername="body" frame="0" z_index="2" m_a="1.000000" m_b="0.000000" m_c="0.000000" m_d="1.000000" m_tx="0.000000" m_ty="-96.666664"/>
   <element name="symbol_nil" layername="symbol_nil" frame="0" z_index="1" m_a="1.000000" m_b="0.000000" m_c="0.000000" m_d="1.000000" m_tx="0.000000" m_ty="-96.666664"/>
  </frame>
  <frame idx="1025" w="143" h="246" x="0.000000" y="-96.833344">
   <element name="body" layername="body" frame="0" z_index="2" m_a="1.000000" m_b="0.000000" m_c="0.000000" m_d="1.000000" m_tx="0.000000" m_ty="-96.833336"/>
   <element name="symbol_nil" layername="symbol_nil" frame="0" z_index="1" m_a="1.000000" m_b="0.000000" m_c="0.000000" m_d="1.000000" m_tx="0.000000" m_ty="-96.833336"/>
  </frame>
  <frame idx="1050" w="143" h="246" x="0.000000" y="-97.000000">
   <element name="body" layername="body" frame="0" z_index="2" m_a="1.000000" m_b="0.000000" m_c="0.000000" m_d="1.000000" m_tx="0.000000" m_ty="-97.000000"/>
   <element name="symbol_nil" layername="symbol_nil" frame="0" z_index="1" m_a="1.000000" m_b="0.000000" m_c="0.000000" m_d="1.000000" m_tx="0.000000" m_ty="-97.000000"/>
  </frame>
  <frame idx="1075" w="143" h="247" x="0.000000" y="-97.166656">
   <element name="body" layername="body" frame="0" z_index="2" m_a="1.000000" m_b="0.000000" m_c="0.000000" m_d="1.000000" m_tx="0.000000" m_ty="-97.166664"/>
   <element name="symbol_nil" layername="symbol_nil" frame="0" z_index="1" m_a="1.000000" m_b="0.000000" m_c="0.000000" m_d="1.000000" m_tx="0.000000" m_ty="-97.166664"/>
  </frame>
  <frame idx="1100" w="143" h="247" x="0.000000" y="-97.333344">
   <element name="body" layername="body" frame="0" z_index="2" m_a="1.000000" m_b="0.000000" m_c="0.000000" m_d="1.000000" m_tx="0.000000" m_ty="-97.333336"/>
   <element name="symbol_nil" layername="symbol_nil" frame="0" z_index="1" m_a="1.000000" m_b="0.000000" m_c="0.000000" m_d="1.000000" m_tx="0.000000" m_ty="-97.333336"/>
  </frame>
  <frame idx="1125" w="143" h="247" x="0.000000" y="-97.500000">
   <element name="body" layername="body" frame="0" z_index="2" m_a="1.000000" m_b="0.000000" m_c="0.000000" m_d="1.000000" m_tx="0.000000" m_ty="-97.500000"/>
   <element name="symbol_nil" layername="symbol_nil" frame="0" z_index="1" m_a="1.000000" m_b="0.000000" m_c="0.000000" m_d="1.000000" m_tx="0.000000" m_ty="-97.500000"/>
  </frame>
  <frame idx="1150" w="143" h="247" x="0.000000" y="-97.666656">
   <element name="body" layername="body" frame="0" z_index="2" m_a="1.000000" m_b="0.000000" m_c="0.000000" m_d="1.000000" m_tx="0.000000" m_ty="-97.666664"/>
   <element name="symbol_nil" layername="symbol_nil" frame="0" z_index="1" m_a="1.000000" m_b="0.000000" m_c="0.000000" m_d="1.000000" m_tx="0.000000" m_ty="-97.666664"/>
  </frame>
  <frame idx="1175" w="143" h="247" x="0.000000" y="-97.833344">
   <element name="body" layername="body" frame="0" z_index="2" m_a="1.000000" m_b="0.000000" m_c="0.000000" m_d="1.000000" m_tx="0.000000" m_ty="-97.833336"/>
   <element name="symbol_nil" layername="symbol_nil" frame="0" z_index="1" m_a="1.000000" m_b="0.000000" m_c="0.000000" m_d="1.000000" m_tx="0.000000" m_ty="-97.833336"/>
  </frame>
  <frame idx="1200" w="143" h="247" x="0.000000" y="-98.000000">
   <element name="body" layername="body" frame="0" z_index="2" m_a="1.000000" m_b="0.000000" m_c="0.000000" m_d="1.000000" m_tx="0.000000" m_ty="-98.000000"/>
   <element name="symbol_nil" layername="symbol_nil" frame="0" z_index="1" m_a="1.000000" m_b="0.000000" m_c="0.000000" m_d="1.000000" m_tx="0.000000" m_ty="-98.000000"/>
  </frame>
  <frame idx="1225" w="143" h="248" x="0.000000" y="-98.166656">
   <element name="body" layername="body" frame="0" z_index="2" m_a="1.000000" m_b="0.000000" m_c="0.000000" m_d="1.000000" m_tx="0.000000" m_ty="-98.166664"/>
   <element name="symbol_nil" layername="symbol_nil" frame="0" z_index="1" m_a="1.000000" m_b="0.000000" m_c="0.000000" m_d="1.000000" m_tx="0.000000" m_ty="-98.166664"/>
  </frame>
  <frame idx="1250" w="143" h="248" x="0.000000" y="-98.333344">
   <element name="body" layername="body" frame="0" z_index="2" m_a="1.000000" m_b="0.000000" m_c="0.000000" m_d="1.000000" m_tx="0.000000" m_ty="-98.333336"/>
   <element name="symbol_nil" layername="symbol_nil" frame="0" z_index="1" m_a="1.000000" m_b="0.000000" m_c="0.000000" m_d="1.000000" m_tx="0.000000" m_ty="-98.333336"/>
  </frame>
  <frame idx="1275" w="143" h="248" x="0.000000" y="-98.500000">
   <element name="body" layername="body" frame="0" z_index="2" m_a="1.000000" m_b="0.000000" m_c="0.000000" m_d="1.000000" m_tx="0.000000" m_ty="-98.500000"/>
   <element name="symbol_nil" layername="symbol_nil" frame="0" z_index="1" m_a="1.000000" m_b="0.000000" m_c="0.000000" m_d="1.000000" m_tx="0.000000" m_ty="-98.500000"/>
  </frame>
  <frame idx="1300" w="143" h="248" x="0.000000" y="-98.666656">
   <element name="body" layername="body" frame="0" z_index="2" m_a="1.000000" m_b="0.000000" m_c="0.000000" m_d="1.000000" m_tx="0.000000" m_ty="-98.666664"/>
   <element name="symbol_nil" layername="symbol_nil" frame="0" z_index="1" m_a="1.000000" m_b="0.000000" m_c="0.000000" m_d="1.000000" m_tx="0.000000" m_ty="-98.666664"/>
  </frame>
  <frame idx="1325" w="143" h="248" x="0.000000" y="-98.833344">
   <element name="body" layername="body" frame="0" z_index="2" m_a="1.000000" m_b="0.000000" m_c="0.000000" m_d="1.000000" m_tx="0.000000" m_ty="-98.833336"/>
   <element name="symbol_nil" layername="symbol_nil" frame="0" z_index="1" m_a="1.000000" m_b="0.000000" m_c="0.000000" m_d="1.000000" m_tx="0.000000" m_ty="-98.833336"/>
  </frame>
  <frame idx="1350" w="143" h="248" x="0.000000" y="-99.000000">
   <element name="body" layername="body" frame="0" z_index="2" m_a="1.000000" m_b="0.000000" m_c="0.000000" m_d="1.000000" m_tx="0.000000" m_ty="-99.000000"/>
   <element name="symbol_nil" layername="symbol_nil" frame="0" z_index="1" m_a="1.000000" m_b="0.000000" m_c="0.000000" m_d="1.000000" m_tx="0.000000" m_ty="-99.000000"/>
  </frame>
  <frame idx="1375" w="143" h="249" x="0.000000" y="-99.166656">
   <element name="body" layername="body" frame="0" z_index="2" m_a="1.000000" m_b="0.000000" m_c="0.000000" m_d="1.000000" m_tx="0.000000" m_ty="-99.166664"/>
   <element name="symbol_nil" layername="symbol_nil" frame="0" z_index="1" m_a="1.000000" m_b="0.000000" m_c="0.000000" m_d="1.000000" m_tx="0.000000" m_ty="-99.166664"/>
  </frame>
  <frame idx="1400" w="143" h="249" x="0.000000" y="-99.333344">
   <element name="body" layername="body" frame="0" z_index="2" m_a="1.000000" m_b="0.000000" m_c="0.000000" m_d="1.000000" m_tx="0.000000" m_ty="-99.333336"/>
   <element name="symbol_nil" layername="symbol_nil" frame="0" z_index="1" m_a="1.000000" m_b="0.000000" m_c="0.000000" m_d="1.000000" m_tx="0.000000" m_ty="-99.333336"/>
  </frame>
  <frame idx="1425" w="143" h="249" x="0.000000" y="-99.500000">
   <element name="body" layername="body" frame="0" z_index="2" m_a="1.000000" m_b="0.000000" m_c="0.000000" m_d="1.000000" m_tx="0.000000" m_ty="-99.500000"/>
   <element name="symbol_nil" layername="symbol_nil" frame="0" z_index="1" m_a="1.000000" m_b="0.000000" m_c="0.000000" m_d="1.000000" m_tx="0.000000" m_ty="-99.500000"/>
  </frame>
  <frame idx="1450" w="143" h="249" x="0.000000" y="-99.666656">
   <element name="body" layername="body" frame="0" z_index="2" m_a="1.000000" m_b="0.000000" m_c="0.000000" m_d="1.000000" m_tx="0.000000" m_ty="-99.666664"/>
   <element name="symbol_nil" layername="symbol_nil" frame="0" z_index="1" m_a="1.000000" m_b="0.000000" m_c="0.000000" m_d="1.000000" m_tx="0.000000" m_ty="-99.666664"/>
  </frame>
  <frame idx="1475" w="143" h="249" x="0.000000" y="-99.833344">
   <element name="body" layername="body" frame="0" z_index="2" m_a="1.000000" m_b="0.000000" m_c="0.000000" m_d="1.000000" m_tx="0.000000" m_ty="-99.833336"/>
   <element name="symbol_nil" layername="symbol_nil" frame="0" z_index="1" m_a="1.000000" m_b="0.000000" m_c="0.000000" m_d="1.000000" m_tx="0.000000" m_ty="-99.833336"/>
  </frame>
  <frame idx="1500" w="143" h="249" x="0.000000" y="-100.000000">
   <element name="body" layername="body" frame="0" z_index="2" m_a="1.000000" m_b="0.000000" m_c="0.000000" m_d="1.000000" m_tx="0.000000" m_ty="-100.000000"/>
   <element name="symbol_nil" layername="symbol_nil" frame="0" z_index="1" m_a="1.000000" m_b="0.000000" m_c="0.000000" m_d="1.000000" m_tx="0.000000" m_ty="-100.000000"/>
  </frame>
  <frame idx="1525" w="143" h="250" x="0.000000" y="-100.500000">
   <element name="body" layername="body" frame="0" z_index="2" m_a="1.000000" m_b="0.000000" m_c="0.000000" m_d="1.000000" m_tx="0.000000" m_ty="-100.500000"/>
   <element name="symbol_nil" layername="symbol_nil" frame="0" z_index="1" m_a="1.000000" m_b="0.000000" m_c="0.000000" m_d="1.000000" m_tx="0.000000" m_ty="-100.500000"/>
  </frame>
  <frame idx="1550" w="143" h="250" x="0.000000" y="-101.000000">
   <element name="body" layername="body" frame="0" z_index="2" m_a="1.000000" m_b="0.000000" m_c="0.000000" m_d="1.000000" m_tx="0.000000" m_ty="-101.000000"/>
   <element name="symbol_nil" layername="symbol_nil" frame="0" z_index="1" m_a="1.000000" m_b="0.000000" m_c="0.000000" m_d="1.000000" m_tx="0.000000" m_ty="-101.000000"/>
  </frame>
  <frame idx="1575" w="143" h="251" x="0.000000" y="-101.500000">
   <element name="body" layername="body" frame="0" z_index="2" m_a="1.000000" m_b="0.000000" m_c="0.000000" m_d="1.000000" m_tx="0.000000" m_ty="-101.500000"/>
   <element name="symbol_nil" layername="symbol_nil" frame="0" z_index="1" m_a="1.000000" m_b="0.000000" m_c="0.000000" m_d="1.000000" m_tx="0.000000" m_ty="-101.500000"/>
  </frame>
  <frame idx="1600" w="143" h="251" x="0.000000" y="-102.000000">
   <element name="body" layername="body" frame="0" z_index="2" m_a="1.000000" m_b="0.000000" m_c="0.000000" m_d="1.000000" m_tx="0.000000" m_ty="-102.000000"/>
   <element name="symbol_nil" layername="symbol_nil" frame="0" z_index="1" m_a="1.000000" m_b="0.000000" m_c="0.000000" m_d="1.000000" m_tx="0.000000" m_ty="-102.000000"/>
  </frame>
  <frame idx="1625" w="143" h="252" x="0.000000" y="-102.500000">
   <element name="body" layername="body" frame="0" z_index="2" m_a="1.000000" m_b="0.000000" m_c="0.000000" m_d="1.000000" m_tx="0.000000" m_ty="-102.500000"/>
   <element name="symbol_nil" layername="symbol_nil" frame="0" z_index="1" m_a="1.000000" m_b="0.000000" m_c="0.000000" m_d="1.000000" m_tx="0.000000" m_ty="-102.500000"/>
  </frame>
  <frame idx="1650" w="143" h="252" x="0.000000" y="-103.000000">
   <element name="body" layername="body" frame="0" z_index="2" m_a="1.000000" m_b="0.000000" m_c="0.000000" m_d="1.000000" m_tx="0.000000" m_ty="-103.000000"/>
   <element name="symbol_nil" layername="symbol_nil" frame="0" z_index="1" m_a="1.000000" m_b="0.000000" m_c="0.000000" m_d="1.000000" m_tx="0.000000" m_ty="-103.000000"/>
  </frame>
  <frame idx="1675" w="143" h="253" x="0.000000" y="-103.500000">
   <element name="body" layername="body" frame="0" z_index="2" m_a="1.000000" m_b="0.000000" m_c="0.000000" m_d="1.000000" m_tx="0.000000" m_ty="-103.500000"/>
   <element name="symbol_nil" layername="symbol_nil" frame="0" z_index="1" m_a="1.000000" m_b="0.000000" m_c="0.000000" m_d="1.000000" m_tx="0.000000" m_ty="-103.500000"/>
  </frame>
  <frame idx="1700" w="143" h="253" x="0.000000" y="-104.000000">
   <element name="body" layername="body" frame="0" z_index="2" m_a="1.000000" m_b="0.000000" m_c="0.000000" m_d="1.000000" m_tx="0.000000" m_ty="-104.000000"/>
   <element name="symbol_nil" layername="symbol_nil" frame="0" z_index="1" m_a="1.000000" m_b="0.000000" m_c="0.000000" m_d="1.000000" m_tx="0.000000" m_ty="-104.000000"/>
  </frame>
  <frame idx="1725" w="143" h="255" x="0.000000" y="-104.500000">
   <element name="body" layername="body" frame="0" z_index="2" m_a="1.000000" m_b="0.000000" m_c="0.000000" m_d="1.000000" m_tx="0.000000" m_ty="-104.500000"/>
   <element name="symbol_nil" layername="symbol_nil" frame="0" z_index="1" m_a="1.000000" m_b="0.000000" m_c="0.000000" m_d="1.000000" m_tx="0.000000" m_ty="-104.500000"/>
  </frame>
  <frame idx="1750" w="143" h="255" x="0.000000" y="-105.000000">
   <element name="body" layername="body" frame="0" z_index="2" m_a="1.000000" m_b="0.000000" m_c="0.000000" m_d="1.000000" m_tx="0.000000" m_ty="-105.000000"/>
   <element name="symbol_nil" layername="symbol_nil" frame="0" z_index="1" m_a="1.000000" m_b="0.000000" m_c="0.000000" m_d="1.000000" m_tx="0.000000" m_ty="-105.000000"/>
  </frame>
  <frame idx="1775" w="143" h="256" x="0.000000" y="-105.500000">
   <element name="body" layername="body" frame="0" z_index="2" m_a="1.000000" m_b="0.000000" m_c="0.000000" m_d="1.000000" m_tx="0.000000" m_ty="-105.500000"/>
   <element name="symbol_nil" layername="symbol_nil" frame="0" z_index="1" m_a="1.000000" m_b="0.000000" m_c="0.000000" m_d="1.000000" m_tx="0.000000" m_ty="-105.500000"/>
  </frame>
  <frame idx="1800" w="143" h="256" x="0.000000" y="-106.000000">
   <element name="body" layername="body" frame="0" z_index="2" m_a="1.000000" m_b="0.000000" m_c="0.000000" m_d="1.000000" m_tx="0.000000" m_ty="-106.000000"/>
   <element name="symbol_nil" layername="symbol_nil" frame="0" z_index="1" m_a="1.000000" m_b="0.000000" m_c="0.000000" m_d="1.000000" m_tx="0.000000" m_ty="-106.000000"/>
  </frame>
  <frame idx="1825" w="143" h="257" x="0.000000" y="-106.500000">
   <element name="body" layername="body" frame="0" z_index="2" m_a="1.000000" m_b="0.000000" m_c="0.000000" m_d="1.000000" m_tx="0.000000" m_ty="-106.500000"/>
   <element name="symbol_nil" layername="symbol_nil" frame="0" z_index="1" m_a="1.000000" m_b="0.000000" m_c="0.000000" m_d="1.000000" m_tx="0.000000" m_ty="-106.500000"/>
  </frame>
  <frame idx="1850" w="143" h="257" x="0.000000" y="-107.000000">
   <element name="body" layername="body" frame="0" z_index="2" m_a="1.000000" m_b="0.000000" m_c="0.000000" m_d="1.000000" m_tx="0.000000" m_ty="-107.000000"/>
   <element name="symbol_nil" layername="symbol_nil" frame="0" z_index="1" m_a="1.000000" m_b="0.000000" m_c="0.000000" m_d="1.000000" m_tx="0.000000" m_ty="-107.000000"/>
  </frame>
  <frame idx="1875" w="143" h="258" x="0.000000" y="-107.500000">
   <element name="body" layername="body" frame="0" z_index="2" m_a="1.000000" m_b="0.000000" m_c="0.000000" m_d="1.000000" m_tx="0.000000" m_ty="-107.500000"/>
   <element name="symbol_nil" layername="symbol_nil" frame="0" z_index="1" m_a="1.000000" m_b="0.000000" m_c="0.000000" m_d="1.000000" m_tx="0.000000" m_ty="-107.500000"/>
  </frame>
  <frame idx="1900" w="143" h="258" x="0.000000" y="-108.000000">
   <element name="body" layername="body" frame="0" z_index="2" m_a="1.000000" m_b="0.000000" m_c="0.000000" m_d="1.000000" m_tx="0.000000" m_ty="-108.000000"/>
   <element name="symbol_nil" layername="symbol_nil" frame="0" z_index="1" m_a="1.000000" m_b="0.000000" m_c="0.000000" m_d="1.000000" m_tx="0.000000" m_ty="-108.000000"/>
  </frame>
  <frame idx="1925" w="143" h="259" x="0.000000" y="-108.500000">
   <element name="body" layername="body" frame="0" z_index="2" m_a="1.000000" m_b="0.000000" m_c="0.000000" m_d="1.000000" m_tx="0.000000" m_ty="-108.500000"/>
   <element name="symbol_nil" layername="symbol_nil" frame="0" z_index="1" m_a="1.000000" m_b="0.000000" m_c="0.000000" m_d="1.000000" m_tx="0.000000" m_ty="-108.500000"/>
  </frame>
  <frame idx="1950" w="143" h="259" x="0.000000" y="-109.000000">
   <element name="body" layername="body" frame="0" z_index="2" m_a="1.000000" m_b="0.000000" m_c="0.000000" m_d="1.000000" m_tx="0.000000" m_ty="-109.000000"/>
   <element name="symbol_nil" layername="symbol_nil" frame="0" z_index="1" m_a="1.000000" m_b="0.000000" m_c="0.000000" m_d="1.000000" m_tx="0.000000" m_ty="-109.000000"/>
  </frame>
  <frame idx="1975" w="143" h="260" x="0.000000" y="-109.500000">
   <element name="body" layername="body" frame="0" z_index="2" m_a="1.000000" m_b="0.000000" m_c="0.000000" m_d="1.000000" m_tx="0.000000" m_ty="-109.500000"/>
   <element name="symbol_nil" layername="symbol_nil" frame="0" z_index="1" m_a="1.000000" m_b="0.000000" m_c="0.000000" m_d="1.000000" m_tx="0.000000" m_ty="-109.500000"/>
  </frame>
  <frame idx="2000" w="143" h="260" x="0.000000" y="-110.000000">
   <element name="body" layername="body" frame="0" z_index="2" m_a="1.000000" m_b="0.000000" m_c="0.000000" m_d="1.000000" m_tx="0.000000" m_ty="-110.000000"/>
   <element name="symbol_nil" layername="symbol_nil" frame="0" z_index="1" m_a="1.000000" m_b="0.000000" m_c="0.000000" m_d="1.000000" m_tx="0.000000" m_ty="-110.000000"/>
  </frame>
  <frame idx="2025" w="143" h="261" x="0.000000" y="-110.500000">
   <element name="body" layername="body" frame="0" z_index="2" m_a="1.000000" m_b="0.000000" m_c="0.000000" m_d="1.000000" m_tx="0.000000" m_ty="-110.500000"/>
   <element name="symbol_nil" layername="symbol_nil" frame="0" z_index="1" m_a="1.000000" m_b="0.000000" m_c="0.000000" m_d="1.000000" m_tx="0.000000" m_ty="-110.500000"/>
  </frame>
  <frame idx="2050" w="143" h="261" x="0.000000" y="-111.000000">
   <element name="body" layername="body" frame="0" z_index="2" m_a="1.000000" m_b="0.000000" m_c="0.000000" m_d="1.000000" m_tx="0.000000" m_ty="-111.000000"/>
   <element name="symbol_nil" layername="symbol_nil" frame="0" z_index="1" m_a="1.000000" m_b="0.000000" m_c="0.000000" m_d="1.000000" m_tx="0.000000" m_ty="-111.000000"/>
  </frame>
  <frame idx="2075" w="143" h="262" x="0.000000" y="-111.500000">
   <element name="body" layername="body" frame="0" z_index="2" m_a="1.000000" m_b="0.000000" m_c="0.000000" m_d="1.000000" m_tx="0.000000" m_ty="-111.500000"/>
   <element name="symbol_nil" layername="symbol_nil" frame="0" z_index="1" m_a="1.000000" m_b="0.000000" m_c="0.000000" m_d="1.000000" m_tx="0.000000" m_ty="-111.500000"/>
  </frame>
  <frame idx="2100" w="143" h="262" x="0.000000" y="-112.000000">
   <element name="body" layername="body" frame="0" z_index="2" m_a="1.000000" m_b="0.000000" m_c="0.000000" m_d="1.000000" m_tx="0.000000" m_ty="-112.000000"/>
   <element name="symbol_nil" layername="symbol_nil" frame="0" z_index="1" m_a="1.000000" m_b="0.000000" m_c="0.000000" m_d="1.000000" m_tx="0.000000" m_ty="-112.000000"/>
  </frame>
  <frame idx="2125" w="143" h="263" x="0.000000" y="-112.500000">
   <element name="body" layername="body" frame="0" z_index="2" m_a="1.000000" m_b="0.000000" m_c="0.000000" m_d="1.000000" m_tx="0.000000" m_ty="-112.500000"/>
   <element name="symbol_nil" layername="symbol_nil" frame="0" z_index="1" m_a="1.000000" m_b="0.000000" m_c="0.000000" m_d="1.000000" m_tx="0.000000" m_ty="-112.500000"/>
  </frame>
  <frame idx="2150" w="143" h="263" x="0.000000" y="-113.000000">
   <element name="body" layername="body" frame="0" z_index="2" m_a="1.000000" m_b="0.000000" m_c="0.000000" m_d="1.000000" m_tx="0.000000" m_ty="-113.000000"/>
   <element name="symbol_nil" layername="symbol_nil" frame="0" z_index="1" m_a="1.000000" m_b="0.000000" m_c="0.000000" m_d="1.000000" m_tx="0.000000" m_ty="-113.000000"/>
  </frame>
  <frame idx="2175" w="143" h="264" x="0.000000" y="-113.500000">
   <element name="body" layername="body" frame="0" z_index="2" m_a="1.000000" m_b="0.000000" m_c="0.000000" m_d="1.000000" m_tx="0.000000" m_ty="-113.500000"/>
   <element name="symbol_nil" layername="symbol_nil" frame="0" z_index="1" m_a="1.000000" m_b="0.000000" m_c="0.000000" m_d="1.000000" m_tx="0.000000" m_ty="-113.500000"/>
  </frame>
  <frame idx="2200" w="143" h="264" x="0.000000" y="-114.000000">
   <element name="body" layername="body" frame="0" z_index="2" m_a="1.000000" m_b="0.000000" m_c="0.000000" m_d="1.000000" m_tx="0.000000" m_ty="-114.000000"/>
   <element name="symbol_nil" layername="symbol_nil" frame="0" z_index="1" m_a="1.000000" m_b="0.000000" m_c="0.000000" m_d="1.000000" m_tx="0.000000" m_ty="-114.000000"/>
  </frame>
  <frame idx="2225" w="143" h="266" x="0.000000" y="-114.500000">
   <element name="body" layername="body" frame="0" z_index="2" m_a="1.000000" m_b="0.000000" m_c="0.000000" m_d="1.000000" m_tx="0.000000" m_ty="-114.500000"/>
   <element name="symbol_nil" layername="symbol_nil" frame="0" z_index="1" m_a="1.000000" m_b="0.000000" m_c="0.000000" m_d="1.000000" m_tx="0.000000" m_ty="-114.500000"/>
  </frame>
  <frame idx="2250" w="143" h="266" x="0.000000" y="-115.000000">
   <element name="body" layername="body" frame="0" z_index="2" m_a="1.000000" m_b="0.000000" m_c="0.000000" m_d="1.000000" m_tx="0.000000" m_ty="-115.000000"/>
   <element name="symbol_nil" layername="symbol_nil" frame="0" z_index="1" m_a="1.000000" m_b="0.000000" m_c="0.000000" m_d="1.000000" m_tx="0.000000" m_ty="-115.000000"/>
  </frame>
  <frame idx="2275" w="143" h="267" x="0.000000" y="-115.166656">
   <element name="body" layername="body" frame="0" z_index="2" m_a="1.000000" m_b="0.000000" m_c="0.000000" m_d="1.000000" m_tx="0.000000" m_ty="-115.166664"/>
   <element name="symbol_nil" layername="symbol_nil" frame="0" z_index="1" m_a="1.000000" m_b="0.000000" m_c="0.000000" m_d="1.000000" m_tx="0.000000" m_ty="-115.166664"/>
  </frame>
  <frame idx="2300" w="143" h="267" x="0.000000" y="-115.333344">
   <element name="body" layername="body" frame="0" z_index="2" m_a="1.000000" m_b="0.000000" m_c="0.000000" m_d="1.000000" m_tx="0.000000" m_ty="-115.333336"/>
   <element name="symbol_nil" layername="symbol_nil" frame="0" z_index="1" m_a="1.000000" m_b="0.000000" m_c="0.000000" m_d="1.000000" m_tx="0.000000" m_ty="-115.333336"/>
  </frame>
  <frame idx="2325" w="143" h="267" x="0.000000" y="-115.500000">
   <element name="body" layername="body" frame="0" z_index="2" m_a="1.000000" m_b="0.000000" m_c="0.000000" m_d="1.000000" m_tx="0.000000" m_ty="-115.500000"/>
   <element name="symbol_nil" layername="symbol_nil" frame="0" z_index="1" m_a="1.000000" m_b="0.000000" m_c="0.000000" m_d="1.000000" m_tx="0.000000" m_ty="-115.500000"/>
  </frame>
  <frame idx="2350" w="143" h="267" x="0.000000" y="-115.666656">
   <element name="body" layername="body" frame="0" z_index="2" m_a="1.000000" m_b="0.000000" m_c="0.000000" m_d="1.000000" m_tx="0.000000" m_ty="-115.666664"/>
   <element name="symbol_nil" layername="symbol_nil" frame="0" z_index="1" m_a="1.000000" m_b="0.000000" m_c="0.000000" m_d="1.000000" m_tx="0.000000" m_ty="-115.666664"/>
  </frame>
  <frame idx="2375" w="143" h="267" x="0.000000" y="-115.833344">
   <element name="body" layername="body" frame="0" z_index="2" m_a="1.000000" m_b="0.000000" m_c="0.000000" m_d="1.000000" m_tx="0.000000" m_ty="-115.833336"/>
   <element name="symbol_nil" layername="symbol_nil" frame="0" z_index="1" m_a="1.000000" m_b="0.000000" m_c="0.000000" m_d="1.000000" m_tx="0.000000" m_ty="-115.833336"/>
  </frame>
  <frame idx="2400" w="143" h="267" x="0.000000" y="-116.000000">
   <element name="body" layername="body" frame="0" z_index="2" m_a="1.000000" m_b="0.000000" m_c="0.000000" m_d="1.000000" m_tx="0.000000" m_ty="-116.000000"/>
   <element name="symbol_nil" layername="symbol_nil" frame="0" z_index="1" m_a="1.000000" m_b="0.000000" m_c="0.000000" m_d="1.000000" m_tx="0.000000" m_ty="-116.000000"/>
  </frame>
  <frame idx="2425" w="143" h="268" x="0.000000" y="-116.166656">
   <element name="body" layername="body" frame="0" z_index="2" m_a="1.000000" m_b="0.000000" m_c="0.000000" m_d="1.000000" m_tx="0.000000" m_ty="-116.166664"/>
   <element name="symbol_nil" layername="symbol_nil" frame="0" z_index="1" m_a="1.000000" m_b="0.000000" m_c="0.000000" m_d="1.000000" m_tx="0.000000" m_ty="-116.166664"/>
  </frame>
  <frame idx="2450" w="143" h="268" x="0.000000" y="-116.333344">
   <element name="body" layername="body" frame="0" z_index="2" m_a="1.000000" m_b="0.000000" m_c="0.000000" m_d="1.000000" m_tx="0.000000" m_ty="-116.333336"/>
   <element name="symbol_nil" layername="symbol_nil" frame="0" z_index="1" m_a="1.000000" m_b="0.000000" m_c="0.000000" m_d="1.000000" m_tx="0.000000" m_ty="-116.333336"/>
  </frame>
  <frame idx="2475" w="143" h="268" x="0.000000" y="-116.500000">
   <element name="body" layername="body" frame="0" z_index="2" m_a="1.000000" m_b="0.000000" m_c="0.000000" m_d="1.000000" m_tx="0.000000" m_ty="-116.500000"/>
   <element name="symbol_nil" layername="symbol_nil" frame="0" z_index="1" m_a="1.000000" m_b="0.000000" m_c="0.000000" m_d="1.000000" m_tx="0.000000" m_ty="-116.500000"/>
  </frame>
  <frame idx="2500" w="143" h="268" x="0.000000" y="-116.666656">
   <element name="body" layername="body" frame="0" z_index="2" m_a="1.000000" m_b="0.000000" m_c="0.000000" m_d="1.000000" m_tx="0.000000" m_ty="-116.666664"/>
   <element name="symbol_nil" layername="symbol_nil" frame="0" z_index="1" m_a="1.000000" m_b="0.000000" m_c="0.000000" m_d="1.000000" m_tx="0.000000" m_ty="-116.666664"/>
  </frame>
  <frame idx="2525" w="143" h="268" x="0.000000" y="-116.833344">
   <element name="body" layername="body" frame="0" z_index="2" m_a="1.000000" m_b="0.000000" m_c="0.000000" m_d="1.000000" m_tx="0.000000" m_ty="-116.833336"/>
   <element name="symbol_nil" layername="symbol_nil" frame="0" z_index="1" m_a="1.000000" m_b="0.000000" m_c="0.000000" m_d="1.000000" m_tx="0.000000" m_ty="-116.833336"/>
  </frame>
  <frame idx="2550" w="143" h="268" x="0.000000" y="-117.000000">
   <element name="body" layername="body" frame="0" z_index="2" m_a="1.000000" m_b="0.000000" m_c="0.000000" m_d="1.000000" m_tx="0.000000" m_ty="-117.000000"/>
   <element name="symbol_nil" layername="symbol_nil" frame="0" z_index="1" m_a="1.000000" m_b="0.000000" m_c="0.000000" m_d="1.000000" m_tx="0.000000" m_ty="-117.000000"/>
  </frame>
  <frame idx="2575" w="143" h="269" x="0.000000" y="-117.166656">
   <element name="body" layername="body" frame="0" z_index="2" m_a="1.000000" m_b="0.000000" m_c="0.000000" m_d="1.000000" m_tx="0.000000" m_ty="-117.166664"/>
   <element name="symbol_nil" layername="symbol_nil" frame="0" z_index="1" m_a="1.000000" m_b="0.000000" m_c="0.000000" m_d="1.000000" m_tx="0.000000" m_ty="-117.166664"/>
  </frame>
  <frame idx="2600" w="143" h="269" x="0.000000" y="-117.333344">
   <element name="body" layername="body" frame="0" z_index="2" m_a="1.000000" m_b="0.000000" m_c="0.000000" m_d="1.000000" m_tx="0.000000" m_ty="-117.333336"/>
   <element name="symbol_nil" layername="symbol_nil" frame="0" z_index="1" m_a="1.000000" m_b="0.000000" m_c="0.000000" m_d="1.000000" m_tx="0.000000" m_ty="-117.333336"/>
  </frame>
  <frame idx="2625" w="143" h="269" x="0.000000" y="-117.500000">
   <element name="body" layername="body" frame="0" z_index="2" m_a="1.000000" m_b="0.000000" m_c="0.000000" m_d="1.000000" m_tx="0.000000" m_ty="-117.500000"/>
   <element name="symbol_nil" layername="symbol_nil" frame="0" z_index="1" m_a="1.000000" m_b="0.000000" m_c="0.000000" m_d="1.000000" m_tx="0.000000" m_ty="-117.500000"/>
  </frame>
  <frame idx="2650" w="143" h="269" x="0.000000" y="-117.666656">
   <element name="body" layername="body" frame="0" z_index="2" m_a="1.000000" m_b="0.000000" m_c="0.000000" m_d="1.000000" m_tx="0.000000" m_ty="-117.666664"/>
   <element name="symbol_nil" layername="symbol_nil" frame="0" z_index="1" m_a="1.000000" m_b="0.000000" m_c="0.000000" m_d="1.000000" m_tx="0.000000" m_ty="-117.666664"/>
  </frame>
  <frame idx="2675" w="143" h="269" x="0.000000" y="-117.833344">
   <element name="body" layername="body" frame="0" z_index="2" m_a="1.000000" m_b="0.000000" m_c="0.000000" m_d="1.000000" m_tx="0.000000" m_ty="-117.833336"/>
   <element name="symbol_nil" layername="symbol_nil" frame="0" z_index="1" m_a="1.000000" m_b="0.000000" m_c="0.000000" m_d="1.000000" m_tx="0.000000" m_ty="-117.833336"/>
  </frame>
  <frame idx="2700" w="143" h="269" x="0.000000" y="-118.000000">
   <element name="body" layername="body" frame="0" z_index="2" m_a="1.000000" m_b="0.000000" m_c="0.000000" m_d="1.000000" m_tx="0.000000" m_ty="-118.000000"/>
   <element name="symbol_nil" layername="symbol_nil" frame="0" z_index="1" m_a="1.000000" m_b="0.000000" m_c="0.000000" m_d="1.000000" m_tx="0.000000" m_ty="-118.000000"/>
  </frame>
  <frame idx="2725" w="143" h="270" x="0.000000" y="-118.166656">
   <element name="body" layername="body" frame="0" z_index="2" m_a="1.000000" m_b="0.000000" m_c="0.000000" m_d="1.000000" m_tx="0.000000" m_ty="-118.166664"/>
   <element name="symbol_nil" layername="symbol_nil" frame="0" z_index="1" m_a="1.000000" m_b="0.000000" m_c="0.000000" m_d="1.000000" m_tx="0.000000" m_ty="-118.166664"/>
  </frame>
  <frame idx="2750" w="143" h="270" x="0.000000" y="-118.333344">
   <element name="body" layername="body" frame="0" z_index="2" m_a="1.000000" m_b="0.000000" m_c="0.000000" m_d="1.000000" m_tx="0.000000" m_ty="-118.333336"/>
   <element name="symbol_nil" layername="symbol_nil" frame="0" z_index="1" m_a="1.000000" m_b="0.000000" m_c="0.000000" m_d="1.000000" m_tx="0.000000" m_ty="-118.333336"/>
  </frame>
  <frame idx="2775" w="143" h="270" x="0.000000" y="-118.500000">
   <element name="body" layername="body" frame="0" z_index="2" m_a="1.000000" m_b="0.000000" m_c="0.000000" m_d="1.000000" m_tx="0.000000" m_ty="-118.500000"/>
   <element name="symbol_nil" layername="symbol_nil" frame="0" z_index="1" m_a="1.000000" m_b="0.000000" m_c="0.000000" m_d="1.000000" m_tx="0.000000" m_ty="-118.500000"/>
  </frame>
  <frame idx="2800" w="143" h="270" x="0.000000" y="-118.666656">
   <element name="body" layername="body" frame="0" z_index="2" m_a="1.000000" m_b="0.000000" m_c="0.000000" m_d="1.000000" m_tx="0.000000" m_ty="-118.666664"/>
   <element name="symbol_nil" layername="symbol_nil" frame="0" z_index="1" m_a="1.000000" m_b="0.000000" m_c="0.000000" m_d="1.000000" m_tx="0.000000" m_ty="-118.666664"/>
  </frame>
  <frame idx="2825" w="143" h="270" x="0.000000" y="-118.833344">
   <element name="body" layername="body" frame="0" z_index="2" m_a="1.000000" m_b="0.000000" m_c="0.000000" m_d="1.000000" m_tx="0.000000" m_ty="-118.833336"/>
   <element name="symbol_nil" layername="symbol_nil" frame="0" z_index="1" m_a="1.000000" m_b="0.000000" m_c="0.000000" m_d="1.000000" m_tx="0.000000" m_ty="-118.833336"/>
  </frame>
  <frame idx="2850" w="143" h="270" x="0.000000" y="-119.000000">
   <element name="body" layername="body" frame="0" z_index="2" m_a="1.000000" m_b="0.000000" m_c="0.000000" m_d="1.000000" m_tx="0.000000" m_ty="-119.000000"/>
   <element name="symbol_nil" layername="symbol_nil" frame="0" z_index="1" m_a="1.000000" m_b="0.000000" m_c="0.000000" m_d="1.000000" m_tx="0.000000" m_ty="-119.000000"/>
  </frame>
  <frame idx="2875" w="143" h="271" x="0.000000" y="-119.166656">
   <element name="body" layername="body" frame="0" z_index="2" m_a="1.000000" m_b="0.000000" m_c="0.000000" m_d="1.000000" m_tx="0.000000" m_ty="-119.166664"/>
   <element name="symbol_nil" layername="symbol_nil" frame="0" z_index="1" m_a="1.000000" m_b="0.000000" m_c="0.000000" m_d="1.000000" m_tx="0.000000" m_ty="-119.166664"/>
  </frame>
  <frame idx="2900" w="143" h="271" x="0.000000" y="-119.333344">
   <element name="body" layername="body" frame="0" z_index="2" m_a="1.000000" m_b="0.000000" m_c="0.000000" m_d="1.000000" m_tx="0.000000" m_ty="-119.333336"/>
   <element name="symbol_nil" layername="symbol_nil" frame="0" z_index="1" m_a="1.000000" m_b="0.000000" m_c="0.000000" m_d="1.000000" m_tx="0.000000" m_ty="-119.333336"/>
  </frame>
  <frame idx="2925" w="143" h="271" x="0.000000" y="-119.500000">
   <element name="body" layername="body" frame="0" z_index="2" m_a="1.000000" m_b="0.000000" m_c="0.000000" m_d="1.000000" m_tx="0.000000" m_ty="-119.500000"/>
   <element name="symbol_nil" layername="symbol_nil" frame="0" z_index="1" m_a="1.000000" m_b="0.000000" m_c="0.000000" m_d="1.000000" m_tx="0.000000" m_ty="-119.500000"/>
  </frame>
  <frame idx="2950" w="143" h="271" x="0.000000" y="-119.666656">
   <element name="body" layername="body" frame="0" z_index="2" m_a="1.000000" m_b="0.000000" m_c="0.000000" m_d="1.000000" m_tx="0.000000" m_ty="-119.666664"/>
   <element name="symbol_nil" layername="symbol_nil" frame="0" z_index="1" m_a="1.000000" m_b="0.000000" m_c="0.000000" m_d="1.000000" m_tx="0.000000" m_ty="-119.666664"/>
  </frame>
  <frame idx="2975" w="143" h="271" x="0.000000" y="-119.833344">
   <element name="body" layername="body" frame="0" z_index="2" m_a="1.000000" m_b="0.000000" m_c="0.000000" m_d="1.000000" m_tx="0.000000" m_ty="-119.833336"/>
   <element name="symbol_nil" layername="symbol_nil" frame="0" z_index="1" m_a="1.000000" m_b="0.000000" m_c="0.000000" m_d="1.000000" m_tx="0.000000" m_ty="-119.833336"/>
  </frame>
  <frame idx="3000" w="143" h="271" x="0.000000" y="-120.000000">
   <element name="body" layername="body" frame="0" z_index="2" m_a="1.000000" m_b="0.000000" m_c="0.000000" m_d="1.000000" m_tx="0.000000" m_ty="-120.000000"/>
   <element name="symbol_nil" layername="symbol_nil" frame="0" z_index="1" m_a="1.000000" m_b="0.000000" m_c="0.000000" m_d="1.000000" m_tx="0.000000" m_ty="-120.000000"/>
  </frame>
  <frame idx="3025" w="143" h="271" x="0.000000" y="-119.833344">
   <element name="body" layername="body" frame="0" z_index="2" m_a="1.000000" m_b="0.000000" m_c="0.000000" m_d="1.000000" m_tx="0.000000" m_ty="-119.833336"/>
   <element name="symbol_nil" layername="symbol_nil" frame="0" z_index="1" m_a="1.000000" m_b="0.000000" m_c="0.000000" m_d="1.000000" m_tx="0.000000" m_ty="-119.833336"/>
  </frame>
  <frame idx="3050" w="143" h="271" x="0.000000" y="-119.666656">
   <element name="body" layername="body" frame="0" z_index="2" m_a="1.000000" m_b="0.000000" m_c="0.000000" m_d="1.000000" m_tx="0.000000" m_ty="-119.666664"/>
   <element name="symbol_nil" layername="symbol_nil" frame="0" z_index="1" m_a="1.000000" m_b="0.000000" m_c="0.000000" m_d="1.000000" m_tx="0.000000" m_ty="-119.666664"/>
  </frame>
  <frame idx="3075" w="143" h="271" x="0.000000" y="-119.500000">
   <element name="body" layername="body" frame="0" z_index="2" m_a="1.000000" m_b="0.000000" m_c="0.000000" m_d="1.000000" m_tx="0.000000" m_ty="-119.500000"/>
   <element name="symbol_nil" layername="symbol_nil" frame="0" z_index="1" m_a="1.000000" m_b="0.000000" m_c="0.000000" m_d="1.000000" m_tx="0.000000" m_ty="-119.500000"/>
  </frame>
  <frame idx="3100" w="143" h="271" x="0.000000" y="-119.333344">
   <element name="body" layername="body" frame="0" z_index="2" m_a="1.000000" m_b="0.000000" m_c="0.000000" m_d="1.000000" m_tx="0.000000" m_ty="-119.333336"/>
   <element name="symbol_nil" layername="symbol_nil" frame="0" z_index="1" m_a="1.000000" m_b="0.000000" m_c="0.000000" m_d="1.000000" m_tx="0.000000" m_ty="-119.333336"/>
  </frame>
  <frame idx="3125" w="143" h="271" x="0.000000" y="-119.166656">
   <element name="body" layername="body" frame="0" z_index="2" m_a="1.000000" m_b="0.000000" m_c="0.000000" m_d="1.000000" m_tx="0.000000" m_ty="-119.166664"/>
   <element name="symbol_nil" layername="symbol_nil" frame="0" z_index="1" m_a="1.000000" m_b="0.000000" m_c="0.000000" m_d="1.000000" m_tx="0.000000" m_ty="-119.166664"/>
  </frame>
  <frame idx="3150" w="143" h="270" x="0.000000" y="-119.000000">
   <element name="body" layername="body" frame="0" z_index="2" m_a="1.000000" m_b="0.000000" m_c="0.000000" m_d="1.000000" m_tx="0.000000" m_ty="-119.000000"/>
   <element name="symbol_nil" layername="symbol_nil" frame="0" z_index="1" m_a="1.000000" m_b="0.000000" m_c="0.000000" m_d="1.000000" m_tx="0.000000" m_ty="-119.000000"/>
  </frame>
  <frame idx="3175" w="143" h="270" x="0.000000" y="-118.833344">
   <element name="body" layername="body" frame="0" z_index="2" m_a="1.000000" m_b="0.000000" m_c="0.000000" m_d="1.000000" m_tx="0.000000" m_ty="-118.833336"/>
   <element name="symbol_nil" layername="symbol_nil" frame="0" z_index="1" m_a="1.000000" m_b="0.000000" m_c="0.000000" m_d="1.000000" m_tx="0.000000" m_ty="-118.833336"/>
  </frame>
  <frame idx="3200" w="143" h="270" x="0.000000" y="-118.666656">
   <element name="body" layername="body" frame="0" z_index="2" m_a="1.000000" m_b="0.000000" m_c="0.000000" m_d="1.000000" m_tx="0.000000" m_ty="-118.666664"/>
   <element name="symbol_nil" layername="symbol_nil" frame="0" z_index="1" m_a="1.000000" m_b="0.000000" m_c="0.000000" m_d="1.000000" m_tx="0.000000" m_ty="-118.666664"/>
  </frame>
  <frame idx="3225" w="143" h="270" x="0.000000" y="-118.500000">
   <element name="body" layername="body" frame="0" z_index="2" m_a="1.000000" m_b="0.000000" m_c="0.000000" m_d="1.000000" m_tx="0.000000" m_ty="-118.500000"/>
   <element name="symbol_nil" layername="symbol_nil" frame="0" z_index="1" m_a="1.000000" m_b="0.000000" m_c="0.000000" m_d="1.000000" m_tx="0.000000" m_ty="-118.500000"/>
  </frame>
  <frame idx="3250" w="143" h="270" x="0.000000" y="-118.333344">
   <element name="body" layername="body" frame="0" z_index="2" m_a="1.000000" m_b="0.000000" m_c="0.000000" m_d="1.000000" m_tx="0.000000" m_ty="-118.333336"/>
   <element name="symbol_nil" layername="symbol_nil" frame="0" z_index="1" m_a="1.000000" m_b="0.000000" m_c="0.000000" m_d="1.000000" m_tx="0.000000" m_ty="-118.333336"/>
  </frame>
  <frame idx="3275" w="143" h="270" x="0.000000" y="-118.166656">
   <element name="body" layername="body" frame="0" z_index="2" m_a="1.000000" m_b="0.000000" m_c="0.000000" m_d="1.000000" m_tx="0.000000" m_ty="-118.166664"/>
   <element name="symbol_nil" layername="symbol_nil" frame="0" z_index="1" m_a="1.000000" m_b="0.000000" m_c="0.000000" m_d="1.000000" m_tx="0.000000" m_ty="-118.166664"/>
  </frame>
  <frame idx="3300" w="143" h="269" x="0.000000" y="-118.000000">
   <element name="body" layername="body" frame="0" z_index="2" m_a="1.000000" m_b="0.000000" m_c="0.000000" m_d="1.000000" m_tx="0.000000" m_ty="-118.000000"/>
   <element name="symbol_nil" layername="symbol_nil" frame="0" z_index="1" m_a="1.000000" m_b="0.000000" m_c="0.000000" m_d="1.000000" m_tx="0.000000" m_ty="-118.000000"/>
  </frame>
  <frame idx="3325" w="143" h="269" x="0.000000" y="-117.833344">
   <element name="body" layername="body" frame="0" z_index="2" m_a="1.000000" m_b="0.000000" m_c="0.000000" m_d="1.000000" m_tx="0.000000" m_ty="-117.833336"/>
   <element name="symbol_nil" layername="symbol_nil" frame="0" z_index="1" m_a="1.000000" m_b="0.000000" m_c="0.000000" m_d="1.000000" m_tx="0.000000" m_ty="-117.833336"/>
  </frame>
  <frame idx="3350" w="143" h="269" x="0.000000" y="-117.666656">
   <element name="body" layername="body" frame="0" z_index="2" m_a="1.000000" m_b="0.000000" m_c="0.000000" m_d="1.000000" m_tx="0.000000" m_ty="-117.666664"/>
   <element name="symbol_nil" layername="symbol_nil" frame="0" z_index="1" m_a="1.000000" m_b="0.000000" m_c="0.000000" m_d="1.000000" m_tx="0.000000" m_ty="-117.666664"/>
  </frame>
  <frame idx="3375" w="143" h="269" x="0.000000" y="-117.500000">
   <element name="body" layername="body" frame="0" z_index="2" m_a="1.000000" m_b="0.000000" m_c="0.000000" m_d="1.000000" m_tx="0.000000" m_ty="-117.500000"/>
   <element name="symbol_nil" layername="symbol_nil" frame="0" z_index="1" m_a="1.000000" m_b="0.000000" m_c="0.000000" m_d="1.000000" m_tx="0.000000" m_ty="-117.500000"/>
  </frame>
  <frame idx="3400" w="143" h="269" x="0.000000" y="-117.333344">
   <element name="body" layername="body" frame="0" z_index="2" m_a="1.000000" m_b="0.000000" m_c="0.000000" m_d="1.000000" m_tx="0.000000" m_ty="-117.333336"/>
   <element name="symbol_nil" layername="symbol_nil" frame="0" z_index="1" m_a="1.000000" m_b="0.000000" m_c="0.000000" m_d="1.000000" m_tx="0.000000" m_ty="-117.333336"/>
  </frame>
  <frame idx="3425" w="143" h="269" x="0.000000" y="-117.166656">
   <element name="body" layername="body" frame="0" z_index="2" m_a="1.000000" m_b="0.000000" m_c="0.000000" m_d="1.000000" m_tx="0.000000" m_ty="-117.166664"/>
   <element name="symbol_nil" layername="symbol_nil" frame="0" z_index="1" m_a="1.000000" m_b="0.000000" m_c="0.000000" m_d="1.000000" m_tx="0.000000" m_ty="-117.166664"/>
  </frame>
  <frame idx="3450" w="143" h="268" x="0.000000" y="-117.000000">
   <element name="body" layername="body" frame="0" z_index="2" m_a="1.000000" m_b="0.000000" m_c="0.000000" m_d="1.000000" m_tx="0.000000" m_ty="-117.000000"/>
   <element name="symbol_nil" layername="symbol_nil" frame="0" z_index="1" m_a="1.000000" m_b="0.000000" m_c="0.000000" m_d="1.000000" m_tx="0.000000" m_ty="-117.000000"/>
  </frame>
  <frame idx="3475" w="143" h="268" x="0.000000" y="-116.833344">
   <element name="body" layername="body" frame="0" z_index="2" m_a="1.000000" m_b="0.000000" m_c="0.000000" m_d="1.000000" m_tx="0.000000" m_ty="-116.833336"/>
   <element name="symbol_nil" layername="symbol_nil" frame="0" z_index="1" m_a="1.000000" m_b="0.000000" m_c="0.000000" m_d="1.000000" m_tx="0.000000" m_ty="-116.833336"/>
  </frame>
  <frame idx="3500" w="143" h="268" x="0.000000" y="-116.666656">
   <element name="body" layername="body" frame="0" z_index="2" m_a="1.000000" m_b="0.000000" m_c="0.000000" m_d="1.000000" m_tx="0.000000" m_ty="-116.666664"/>
   <element name="symbol_nil" layername="symbol_nil" frame="0" z_index="1" m_a="1.000000" m_b="0.000000" m_c="0.000000" m_d="1.000000" m_tx="0.000000" m_ty="-116.666664"/>
  </frame>
  <frame idx="3525" w="143" h="268" x="0.000000" y="-116.500000">
   <element name="body" layername="body" frame="0" z_index="2" m_a="1.000000" m_b="0.000000" m_c="0.000000" m_d="1.000000" m_tx="0.000000" m_ty="-116.500000"/>
   <element name="symbol_nil" layername="symbol_nil" frame="0" z_index="1" m_a="1.000000" m_b="0.000000" m_c="0.000000" m_d="1.000000" m_tx="0.000000" m_ty="-116.500000"/>
  </frame>
  <frame idx="3550" w="143" h="268" x="0.000000" y="-116.333344">
   <element name="body" layername="body" frame="0" z_index="2" m_a="1.000000" m_b="0.000000" m_c="0.000000" m_d="1.000000" m_tx="0.000000" m_ty="-116.333336"/>
   <element name="symbol_nil" layername="symbol_nil" frame="0" z_index="1" m_a="1.000000" m_b="0.000000" m_c="0.000000" m_d="1.000000" m_tx="0.000000" m_ty="-116.333336"/>
  </frame>
  <frame idx="3575" w="143" h="268" x="0.000000" y="-116.166656">
   <element name="body" layername="body" frame="0" z_index="2" m_a="1.000000" m_b="0.000000" m_c="0.000000" m_d="1.000000" m_tx="0.000000" m_ty="-116.166664"/>
   <element name="symbol_nil" layername="symbol_nil" frame="0" z_index="1" m_a="1.000000" m_b="0.000000" m_c="0.000000" m_d="1.000000" m_tx="0.000000" m_ty="-116.166664"/>
  </frame>
  <frame idx="3600" w="143" h="267" x="0.000000" y="-116.000000">
   <element name="body" layername="body" frame="0" z_index="2" m_a="1.000000" m_b="0.000000" m_c="0.000000" m_d="1.000000" m_tx="0.000000" m_ty="-116.000000"/>
   <element name="symbol_nil" layername="symbol_nil" frame="0" z_index="1" m_a="1.000000" m_b="0.000000" m_c="0.000000" m_d="1.000000" m_tx="0.000000" m_ty="-116.000000"/>
  </frame>
  <frame idx="3625" w="143" h="267" x="0.000000" y="-115.833344">
   <element name="body" layername="body" frame="0" z_index="2" m_a="1.000000" m_b="0.000000" m_c="0.000000" m_d="1.000000" m_tx="0.000000" m_ty="-115.833336"/>
   <element name="symbol_nil" layername="symbol_nil" frame="0" z_index="1" m_a="1.000000" m_b="0.000000" m_c="0.000000" m_d="1.000000" m_tx="0.000000" m_ty="-115.833336"/>
  </frame>
  <frame idx="3650" w="143" h="267" x="0.000000" y="-115.666656">
   <element name="body" layername="body" frame="0" z_index="2" m_a="1.000000" m_b="0.000000" m_c="0.000000" m_d="1.000000" m_tx="0.000000" m_ty="-115.666664"/>
   <element name="symbol_nil" layername="symbol_nil" frame="0" z_index="1" m_a="1.000000" m_b="0.000000" m_c="0.000000" m_d="1.000000" m_tx="0.000000" m_ty="-115.666664"/>
  </frame>
  <frame idx="3675" w="143" h="267" x="0.000000" y="-115.500000">
   <element name="body" layername="body" frame="0" z_index="2" m_a="1.000000" m_b="0.000000" m_c="0.000000" m_d="1.000000" m_tx="0.000000" m_ty="-115.500000"/>
   <element name="symbol_nil" layername="symbol_nil" frame="0" z_index="1" m_a="1.000000" m_b="0.000000" m_c="0.000000" m_d="1.000000" m_tx="0.000000" m_ty="-115.500000"/>
  </frame>
  <frame idx="3700" w="143" h="267" x="0.000000" y="-115.333344">
   <element name="body" layername="body" frame="0" z_index="2" m_a="1.000000" m_b="0.000000" m_c="0.000000" m_d="1.000000" m_tx="0.000000" m_ty="-115.333336"/>
   <element name="symbol_nil" layername="symbol_nil" frame="0" z_index="1" m_a="1.000000" m_b="0.000000" m_c="0.000000" m_d="1.000000" m_tx="0.000000" m_ty="-115.333336"/>
  </frame>
  <frame idx="3725" w="143" h="267" x="0.000000" y="-115.166656">
   <element name="body" layername="body" frame="0" z_index="2" m_a="1.000000" m_b="0.000000" m_c="0.000000" m_d="1.000000" m_tx="0.000000" m_ty="-115.166664"/>
   <element name="symbol_nil" layername="symbol_nil" frame="0" z_index="1" m_a="1.000000" m_b="0.000000" m_c="0.000000" m_d="1.000000" m_tx="0.000000" m_ty="-115.166664"/>
  </frame>
  <frame idx="3750" w="143" h="266" x="0.000000" y="-115.000000">
   <element name="body" layername="body" frame="0" z_index="2" m_a="1.000000" m_b="0.000000" m_c="0.000000" m_d="1.000000" m_tx="0.000000" m_ty="-115.000000"/>
   <element name="symbol_nil" layername="symbol_nil" frame="0" z_index="1" m_a="1.000000" m_b="0.000000" m_c="0.000000" m_d="1.000000" m_tx="0.000000" m_ty="-115.000000"/>
  </frame>
  <frame idx="3775" w="143" h="266" x="0.000000" y="-114.500000">
   <element name="body" layername="body" frame="0" z_index="2" m_a="1.000000" m_b="0.000000" m_c="0.000000" m_d="1.000000" m_tx="0.000000" m_ty="-114.500000"/>
   <element name="symbol_nil" layername="symbol_nil" frame="0" z_index="1" m_a="1.000000" m_b="0.000000" m_c="0.000000" m_d="1.000000" m_tx="0.000000" m_ty="-114.500000"/>
  </frame>
  <frame idx="3800" w="143" h="264" x="0.000000" y="-114.000000">
   <element name="body" layername="body" frame="0" z_index="2" m_a="1.000000" m_b="0.000000" m_c="0.000000" m_d="1.000000" m_tx="0.000000" m_ty="-114.000000"/>
   <element name="symbol_nil" layername="symbol_nil" frame="0" z_index="1" m_a="1.000000" m_b="0.000000" m_c="0.000000" m_d="1.000000" m_tx="0.000000" m_ty="-114.000000"/>
  </frame>
  <frame idx="3825" w="143" h="264" x="0.000000" y="-113.500000">
   <element name="body" layername="body" frame="0" z_index="2" m_a="1.000000" m_b="0.000000" m_c="0.000000" m_d="1.000000" m_tx="0.000000" m_ty="-113.500000"/>
   <element name="symbol_nil" layername="symbol_nil" frame="0" z_index="1" m_a="1.000000" m_b="0.000000" m_c="0.000000" m_d="1.000000" m_tx="0.000000" m_ty="-113.500000"/>
  </frame>
  <frame idx="3850" w="143" h="263" x="0.000000" y="-113.000000">
   <element name="body" layername="body" frame="0" z_index="2" m_a="1.000000" m_b="0.000000" m_c="0.000000" m_d="1.000000" m_tx="0.000000" m_ty="-113.000000"/>
   <element name="symbol_nil" layername="symbol_nil" frame="0" z_index="1" m_a="1.000000" m_b="0.000000" m_c="0.000000" m_d="1.000000" m_tx="0.000000" m_ty="-113.000000"/>
  </frame>
  <frame idx="3875" w="143" h="263" x="0.000000" y="-112.500000">
   <element name="body" layername="body" frame="0" z_index="2" m_a="1.000000" m_b="0.000000" m_c="0.000000" m_d="1.000000" m_tx="0.000000" m_ty="-112.500000"/>
   <element name="symbol_nil" layername="symbol_nil" frame="0" z_index="1" m_a="1.000000" m_b="0.000000" m_c="0.000000" m_d="1.000000" m_tx="0.000000" m_ty="-112.500000"/>
  </frame>
  <frame idx="3900" w="143" h="262" x="0.000000" y="-112.000000">
   <element name="body" layername="body" frame="0" z_index="2" m_a="1.000000" m_b="0.000000" m_c="0.000000" m_d="1.000000" m_tx="0.000000" m_ty="-112.000000"/>
   <element name="symbol_nil" layername="symbol_nil" frame="0" z_index="1" m_a="1.000000" m_b="0.000000" m_c="0.000000" m_d="1.000000" m_tx="0.000000" m_ty="-112.000000"/>
  </frame>
  <frame idx="3925" w="143" h="262" x="0.000000" y="-111.500000">
   <element name="body" layername="body" frame="0" z_index="2" m_a="1.000000" m_b="0.000000" m_c="0.000000" m_d="1.000000" m_tx="0.000000" m_ty="-111.500000"/>
   <element name="symbol_nil" layername="symbol_nil" frame="0" z_index="1" m_a="1.000000" m_b="0.000000" m_c="0.000000" m_d="1.000000" m_tx="0.000000" m_ty="-111.500000"/>
  </frame>
  <frame idx="3950" w="143" h="261" x="0.000000" y="-111.000000">
   <element name="body" layername="body" frame="0" z_index="2" m_a="1.000000" m_b="0.000000" m_c="0.000000" m_d="1.000000" m_tx="0.000000" m_ty="-111.000000"/>
   <element name="symbol_nil" layername="symbol_nil" frame="0" z_index="1" m_a="1.000000" m_b="0.000000" m_c="0.000000" m_d="1.000000" m_tx="0.000000" m_ty="-111.000000"/>
  </frame>
  <frame idx="3975" w="143" h="261" x="0.000000" y="-110.500000">
   <element name="body" layername="body" frame="0" z_index="2" m_a="1.000000" m_b="0.000000" m_c="0.000000" m_d="1.000000" m_tx="0.000000" m_ty="-110.500000"/>
   <element name="symbol_nil" layername="symbol_nil" frame="0" z_index="1" m_a="1.000000" m_b="0.000000" m_c="0.000000" m_d="1.000000" m_tx="0.000000" m_ty="-110.500000"/>
  </frame>
  <frame idx="4000" w="143" h="260" x="0.000000" y="-110.000000">
   <element name="body" layername="body" frame="0" z_index="2" m_a="1.000000" m_b="0.000000" m_c="0.000000" m_d="1.000000" m_tx="0.000000" m_ty="-110.000000"/>
   <element name="symbol_nil" layername="symbol_nil" frame="0" z_index="1" m_a="1.000000" m_b="0.000000" m_c="0.000000" m_d="1.000000" m_tx="0.000000" m_ty="-110.000000"/>
  </frame>
  <frame idx="4025" w="143" h="260" x="0.000000" y="-109.500000">
   <element name="body" layername="body" frame="0" z_index="2" m_a="1.000000" m_b="0.000000" m_c="0.000000" m_d="1.000000" m_tx="0.000000" m_ty="-109.500000"/>
   <element name="symbol_nil" layername="symbol_nil" frame="0" z_index="1" m_a="1.000000" m_b="0.000000" m_c="0.000000" m_d="1.000000" m_tx="0.000000" m_ty="-109.500000"/>
  </frame>
  <frame idx="4050" w="143" h="259" x="0.000000" y="-109.000000">
   <element name="body" layername="body" frame="0" z_index="2" m_a="1.000000" m_b="0.000000" m_c="0.000000" m_d="1.000000" m_tx="0.000000" m_ty="-109.000000"/>
   <element name="symbol_nil" layername="symbol_nil" frame="0" z_index="1" m_a="1.000000" m_b="0.000000" m_c="0.000000" m_d="1.000000" m_tx="0.000000" m_ty="-109.000000"/>
  </frame>
  <frame idx="4075" w="143" h="259" x="0.000000" y="-108.500000">
   <element name="body" layername="body" frame="0" z_index="2" m_a="1.000000" m_b="0.000000" m_c="0.000000" m_d="1.000000" m_tx="0.000000" m_ty="-108.500000"/>
   <element name="symbol_nil" layername="symbol_nil" frame="0" z_index="1" m_a="1.000000" m_b="0.000000" m_c="0.000000" m_d="1.000000" m_tx="0.000000" m_ty="-108.500000"/>
  </frame>
  <frame idx="4100" w="143" h="258" x="0.000000" y="-108.000000">
   <element name="body" layername="body" frame="0" z_index="2" m_a="1.000000" m_b="0.000000" m_c="0.000000" m_d="1.000000" m_tx="0.000000" m_ty="-108.000000"/>
   <element name="symbol_nil" layername="symbol_nil" frame="0" z_index="1" m_a="1.000000" m_b="0.000000" m_c="0.000000" m_d="1.000000" m_tx="0.000000" m_ty="-108.000000"/>
  </frame>
  <frame idx="4125" w="143" h="258" x="0.000000" y="-107.500000">
   <element name="body" layername="body" frame="0" z_index="2" m_a="1.000000" m_b="0.000000" m_c="0.000000" m_d="1.000000" m_tx="0.000000" m_ty="-107.500000"/>
   <element name="symbol_nil" layername="symbol_nil" frame="0" z_index="1" m_a="1.000000" m_b="0.000000" m_c="0.000000" m_d="1.000000" m_tx="0.000000" m_ty="-107.500000"/>
  </frame>
  <frame idx="4150" w="143" h="257" x="0.000000" y="-107.000000">
   <element name="body" layername="body" frame="0" z_index="2" m_a="1.000000" m_b="0.000000" m_c="0.000000" m_d="1.000000" m_tx="0.000000" m_ty="-107.000000"/>
   <element name="symbol_nil" layername="symbol_nil" frame="0" z_index="1" m_a="1.000000" m_b="0.000000" m_c="0.000000" m_d="1.000000" m_tx="0.000000" m_ty="-107.000000"/>
  </frame>
  <frame idx="4175" w="143" h="257" x="0.000000" y="-106.500000">
   <element name="body" layername="body" frame="0" z_index="2" m_a="1.000000" m_b="0.000000" m_c="0.000000" m_d="1.000000" m_tx="0.000000" m_ty="-106.500000"/>
   <element name="symbol_nil" layername="symbol_nil" frame="0" z_index="1" m_a="1.000000" m_b="0.000000" m_c="0.000000" m_d="1.000000" m_tx="0.000000" m_ty="-106.500000"/>
  </frame>
  <frame idx="4200" w="143" h="256" x="0.000000" y="-106.000000">
   <element name="body" layername="body" frame="0" z_index="2" m_a="1.000000" m_b="0.000000" m_c="0.000000" m_d="1.000000" m_tx="0.000000" m_ty="-106.000000"/>
   <element name="symbol_nil" layername="symbol_nil" frame="0" z_index="1" m_a="1.000000" m_b="0.000000" m_c="0.000000" m_d="1.000000" m_tx="0.000000" m_ty="-106.000000"/>
  </frame>
  <frame idx="4225" w="143" h="256" x="0.000000" y="-105.500000">
   <element name="body" layername="body" frame="0" z_index="2" m_a="1.000000" m_b="0.000000" m_c="0.000000" m_d="1.000000" m_tx="0.000000" m_ty="-105.500000"/>
   <element name="symbol_nil" layername="symbol_nil" frame="0" z_index="1" m_a="1.000000" m_b="0.000000" m_c="0.000000" m_d="1.000000" m_tx="0.000000" m_ty="-105.500000"/>
  </frame>
  <frame idx="4250" w="143" h="255" x="0.000000" y="-105.000000">
   <element name="body" layername="body" frame="0" z_index="2" m_a="1.000000" m_b="0.000000" m_c="0.000000" m_d="1.000000" m_tx="0.000000" m_ty="-105.000000"/>
   <element name="symbol_nil" layername="symbol_nil" frame="0" z_index="1" m_a="1.000000" m_b="0.000000" m_c="0.000000" m_d="1.000000" m_tx="0.000000" m_ty="-105.000000"/>
  </frame>
  <frame idx="4275" w="143" h="255" x="0.000000" y="-104.500000">
   <element name="body" layername="body" frame="0" z_index="2" m_a="1.000000" m_b="0.000000" m_c="0.000000" m_d="1.000000" m_tx="0.000000" m_ty="-104.500000"/>
   <element name="symbol_nil" layername="symbol_nil" frame="0" z_index="1" m_a="1.000000" m_b="0.000000" m_c="0.000000" m_d="1.000000" m_tx="0.000000" m_ty="-104.500000"/>
  </frame>
  <frame idx="4300" w="143" h="253" x="0.000000" y="-104.000000">
   <element name="body" layername="body" frame="0" z_index="2" m_a="1.000000" m_b="0.000000" m_c="0.000000" m_d="1.000000" m_tx="0.000000" m_ty="-104.000000"/>
   <element name="symbol_nil" layername="symbol_nil" frame="0" z_index="1" m_a="1.000000" m_b="0.000000" m_c="0.000000" m_d="1.000000" m_tx="0.000000" m_ty="-104.000000"/>
  </frame>
  <frame idx="4325" w="143" h="253" x="0.000000" y="-103.500000">
   <element name="body" layername="body" frame="0" z_index="2" m_a="1.000000" m_b="0.000000" m_c="0.000000" m_d="1.000000" m_tx="0.000000" m_ty="-103.500000"/>
   <element name="symbol_nil" layername="symbol_nil" frame="0" z_index="1" m_a="1.000000" m_b="0.000000" m_c="0.000000" m_d="1.000000" m_tx="0.000000" m_ty="-103.500000"/>
  </frame>
  <frame idx="4350" w="143" h="252" x="0.000000" y="-103.000000">
   <element name="body" layername="body" frame="0" z_index="2" m_a="1.000000" m_b="0.000000" m_c="0.000000" m_d="1.000000" m_tx="0.000000" m_ty="-103.000000"/>
   <element name="symbol_nil" layername="symbol_nil" frame="0" z_index="1" m_a="1.000000" m_b="0.000000" m_c="0.000000" m_d="1.000000" m_tx="0.000000" m_ty="-103.000000"/>
  </frame>
  <frame idx="4375" w="143" h="252" x="0.000000" y="-102.500000">
   <element name="body" layername="body" frame="0" z_index="2" m_a="1.000000" m_b="0.000000" m_c="0.000000" m_d="1.000000" m_tx="0.000000" m_ty="-102.500000"/>
   <element name="symbol_nil" layername="symbol_nil" frame="0" z_index="1" m_a="1.000000" m_b="0.000000" m_c="0.000000" m_d="1.000000" m_tx="0.000000" m_ty="-102.500000"/>
  </frame>
  <frame idx="4400" w="143" h="251" x="0.000000" y="-102.000000">
   <element name="body" layername="body" frame="0" z_index="2" m_a="1.000000" m_b="0.000000" m_c="0.000000" m_d="1.000000" m_tx="0.000000" m_ty="-102.000000"/>
   <element name="symbol_nil" layername="symbol_nil" frame="0" z_index="1" m_a="1.000000" m_b="0.000000" m_c="0.000000" m_d="1.000000" m_tx="0.000000" m_ty="-102.000000"/>
  </frame>
  <frame idx="4425" w="143" h="251" x="0.000000" y="-101.500000">
   <element name="body" layername="body" frame="0" z_index="2" m_a="1.000000" m_b="0.000000" m_c="0.000000" m_d="1.000000" m_tx="0.000000" m_ty="-101.500000"/>
   <element name="symbol_nil" layername="symbol_nil" frame="0" z_index="1" m_a="1.000000" m_b="0.000000" m_c="0.000000" m_d="1.000000" m_tx="0.000000" m_ty="-101.500000"/>
  </frame>
  <frame idx="4450" w="143" h="250" x="0.000000" y="-101.000000">
   <element name="body" layername="body" frame="0" z_index="2" m_a="1.000000" m_b="0.000000" m_c="0.000000" m_d="1.000000" m_tx="0.000000" m_ty="-101.000000"/>
   <element name="symbol_nil" layername="symbol_nil" frame="0" z_index="1" m_a="1.000000" m_b="0.000000" m_c="0.000000" m_d="1.000000" m_tx="0.000000" m_ty="-101.000000"/>
  </frame>
  <frame idx="4475" w="143" h="250" x="0.000000" y="-100.500000">
   <element name="body" layername="body" frame="0" z_index="2" m_a="1.000000" m_b="0.000000" m_c="0.000000" m_d="1.000000" m_tx="0.000000" m_ty="-100.500000"/>
   <element name="symbol_nil" layername="symbol_nil" frame="0" z_index="1" m_a="1.000000" m_b="0.000000" m_c="0.000000" m_d="1.000000" m_tx="0.000000" m_ty="-100.500000"/>
  </frame>
  <frame idx="4500" w="143" h="249" x="0.000000" y="-100.000000">
   <element name="body" layername="body" frame="0" z_index="2" m_a="1.000000" m_b="0.000000" m_c="0.000000" m_d="1.000000" m_tx="0.000000" m_ty="-100.000000"/>
   <element name="symbol_nil" layername="symbol_nil" frame="0" z_index="1" m_a="1.000000" m_b="0.000000" m_c="0.000000" m_d="1.000000" m_tx="0.000000" m_ty="-100.000000"/>
  </frame>
  <frame idx="4525" w="143" h="249" x="0.000000" y="-99.833344">
   <element name="body" layername="body" frame="0" z_index="2" m_a="1.000000" m_b="0.000000" m_c="0.000000" m_d="1.000000" m_tx="0.000000" m_ty="-99.833336"/>
   <element name="symbol_nil" layername="symbol_nil" frame="0" z_index="1" m_a="1.000000" m_b="0.000000" m_c="0.000000" m_d="1.000000" m_tx="0.000000" m_ty="-99.833336"/>
  </frame>
  <frame idx="4550" w="143" h="249" x="0.000000" y="-99.666656">
   <element name="body" layername="body" frame="0" z_index="2" m_a="1.000000" m_b="0.000000" m_c="0.000000" m_d="1.000000" m_tx="0.000000" m_ty="-99.666664"/>
   <element name="symbol_nil" layername="symbol_nil" frame="0" z_index="1" m_a="1.000000" m_b="0.000000" m_c="0.000000" m_d="1.000000" m_tx="0.000000" m_ty="-99.666664"/>
  </frame>
  <frame idx="4575" w="143" h="249" x="0.000000" y="-99.500000">
   <element name="body" layername="body" frame="0" z_index="2" m_a="1.000000" m_b="0.000000" m_c="0.000000" m_d="1.000000" m_tx="0.000000" m_ty="-99.500000"/>
   <element name="symbol_nil" layername="symbol_nil" frame="0" z_index="1" m_a="1.000000" m_b="0.000000" m_c="0.000000" m_d="1.000000" m_tx="0.000000" m_ty="-99.500000"/>
  </frame>
  <frame idx="4600" w="143" h="249" x="0.000000" y="-99.333344">
   <element name="body" layername="body" frame="0" z_index="2" m_a="1.000000" m_b="0.000000" m_c="0.000000" m_d="1.000000" m_tx="0.000000" m_ty="-99.333336"/>
   <element name="symbol_nil" layername="symbol_nil" frame="0" z_index="1" m_a="1.000000" m_b="0.000000" m_c="0.000000" m_d="1.000000" m_tx="0.000000" m_ty="-99.333336"/>
  </frame>
  <frame idx="4625" w="143" h="249" x="0.000000" y="-99.166656">
   <element name="body" layername="body" frame="0" z_index="2" m_a="1.000000" m_b="0.000000" m_c="0.000000" m_d="1.000000" m_tx="0.000000" m_ty="-99.166664"/>
   <element name="symbol_nil" layername="symbol_nil" frame="0" z_index="1" m_a="1.000000" m_b="0.000000" m_c="0.000000" m_d="1.000000" m_tx="0.000000" m_ty="-99.166664"/>
  </frame>
  <frame idx="4650" w="143" h="248" x="0.000000" y="-99.000000">
   <element name="body" layername="body" frame="0" z_index="2" m_a="1.000000" m_b="0.000000" m_c="0.000000" m_d="1.000000" m_tx="0.000000" m_ty="-99.000000"/>
   <element name="symbol_nil" layername="symbol_nil" frame="0" z_index="1" m_a="1.000000" m_b="0.000000" m_c="0.000000" m_d="1.000000" m_tx="0.000000" m_ty="-99.000000"/>
  </frame>
  <frame idx="4675" w="143" h="248" x="0.000000" y="-98.833344">
   <element name="body" layername="body" frame="0" z_index="2" m_a="1.000000" m_b="0.000000" m_c="0.000000" m_d="1.000000" m_tx="0.000000" m_ty="-98.833336"/>
   <element name="symbol_nil" layername="symbol_nil" frame="0" z_index="1" m_a="1.000000" m_b="0.000000" m_c="0.000000" m_d="1.000000" m_tx="0.000000" m_ty="-98.833336"/>
  </frame>
  <frame idx="4700" w="143" h="248" x="0.000000" y="-98.666656">
   <element name="body" layername="body" frame="0" z_index="2" m_a="1.000000" m_b="0.000000" m_c="0.000000" m_d="1.000000" m_tx="0.000000" m_ty="-98.666664"/>
   <element name="symbol_nil" layername="symbol_nil" frame="0" z_index="1" m_a="1.000000" m_b="0.000000" m_c="0.000000" m_d="1.000000" m_tx="0.000000" m_ty="-98.666664"/>
  </frame>
  <frame idx="4725" w="143" h="248" x="0.000000" y="-98.500000">
   <element name="body" layername="body" frame="0" z_index="2" m_a="1.000000" m_b="0.000000" m_c="0.000000" m_d="1.000000" m_tx="0.000000" m_ty="-98.500000"/>
   <element name="symbol_nil" layername="symbol_nil" frame="0" z_index="1" m_a="1.000000" m_b="0.000000" m_c="0.000000" m_d="1.000000" m_tx="0.000000" m_ty="-98.500000"/>
  </frame>
  <frame idx="4750" w="143" h="248" x="0.000000" y="-98.333344">
   <element name="body" layername="body" frame="0" z_index="2" m_a="1.000000" m_b="0.000000" m_c="0.000000" m_d="1.000000" m_tx="0.000000" m_ty="-98.333336"/>
   <element name="symbol_nil" layername="symbol_nil" frame="0" z_index="1" m_a="1.000000" m_b="0.000000" m_c="0.000000" m_d="1.000000" m_tx="0.000000" m_ty="-98.333336"/>
  </frame>
  <frame idx="4775" w="143" h="248" x="0.000000" y="-98.166656">
   <element name="body" layername="body" frame="0" z_index="2" m_a="1.000000" m_b="0.000000" m_c="0.000000" m_d="1.000000" m_tx="0.000000" m_ty="-98.166664"/>
   <element name="symbol_nil" layername="symbol_nil" frame="0" z_index="1" m_a="1.000000" m_b="0.000000" m_c="0.000000" m_d="1.000000" m_tx="0.000000" m_ty="-98.166664"/>
  </frame>
  <frame idx="4800" w="143" h="247" x="0.000000" y="-98.000000">
   <element name="body" layername="body" frame="0" z_index="2" m_a="1.000000" m_b="0.000000" m_c="0.000000" m_d="1.000000" m_tx="0.000000" m_ty="-98.000000"/>
   <element name="symbol_nil" layername="symbol_nil" frame="0" z_index="1" m_a="1.000000" m_b="0.000000" m_c="0.000000" m_d="1.000000" m_tx="0.000000" m_ty="-98.000000"/>
  </frame>
  <frame idx="4825" w="143" h="247" x="0.000000" y="-97.833344">
   <element name="body" layername="body" frame="0" z_index="2" m_a="1.000000" m_b="0.000000" m_c="0.000000" m_d="1.000000" m_tx="0.000000" m_ty="-97.833336"/>
   <element name="symbol_nil" layername="symbol_nil" frame="0" z_index="1" m_a="1.000000" m_b="0.000000" m_c="0.000000" m_d="1.000000" m_tx="0.000000" m_ty="-97.833336"/>
  </frame>
  <frame idx="4850" w="143" h="247" x="0.000000" y="-97.666656">
   <element name="body" layername="body" frame="0" z_index="2" m_a="1.000000" m_b="0.000000" m_c="0.000000" m_d="1.000000" m_tx="0.000000" m_ty="-97.666664"/>
   <element name="symbol_nil" layername="symbol_nil" frame="0" z_index="1" m_a="1.000000" m_b="0.000000" m_c="0.000000" m_d="1.000000" m_tx="0.000000" m_ty="-97.666664"/>
  </frame>
  <frame idx="4875" w="143" h="247" x="0.000000" y="-97.500000">
   <element name="body" layername="body" frame="0" z_index="2" m_a="1.000000" m_b="0.000000" m_c="0.000000" m_d="1.000000" m_tx="0.000000" m_ty="-97.500000"/>
   <element name="symbol_nil" layername="symbol_nil" frame="0" z_index="1" m_a="1.000000" m_b="0.000000" m_c="0.000000" m_d="1.000000" m_tx="0.000000" m_ty="-97.500000"/>
  </frame>
  <frame idx="4900" w="143" h="247" x="0.000000" y="-97.333344">
   <element name="body" layername="body" frame="0" z_index="2" m_a="1.000000" m_b="0.000000" m_c="0.000000" m_d="1.000000" m_tx="0.000000" m_ty="-97.333336"/>
   <element name="symbol_nil" layername="symbol_nil" frame="0" z_index="1" m_a="1.000000" m_b="0.000000" m_c="0.000000" m_d="1.000000" m_tx="0.000000" m_ty="-97.333336"/>
  </frame>
  <frame idx="4925" w="143" h="247" x="0.000000" y="-97.166656">
   <element name="body" layername="body" frame="0" z_index="2" m_a="1.000000" m_b="0.000000" m_c="0.000000" m_d="1.000000" m_tx="0.000000" m_ty="-97.166664"/>
   <element name="symbol_nil" layername="symbol_nil" frame="0" z_index="1" m_a="1.000000" m_b="0.000000" m_c="0.000000" m_d="1.000000" m_tx="0.000000" m_ty="-97.166664"/>
  </frame>
  <frame idx="4950" w="143" h="246" x="0.000000" y="-97.000000">
   <element name="body" layername="body" frame="0" z_index="2" m_a="1.000000" m_b="0.000000" m_c="0.000000" m_d="1.000000" m_tx="0.000000" m_ty="-97.000000"/>
   <element name="symbol_nil" layername="symbol_nil" frame="0" z_index="1" m_a="1.000000" m_b="0.000000" m_c="0.000000" m_d="1.000000" m_tx="0.000000" m_ty="-97.000000"/>
  </frame>
  <frame idx="4975" w="143" h="246" x="0.000000" y="-96.833344">
   <element name="body" layername="body" frame="0" z_index="2" m_a="1.000000" m_b="0.000000" m_c="0.000000" m_d="1.000000" m_tx="0.000000" m_ty="-96.833336"/>
   <element name="symbol_nil" layername="symbol_nil" frame="0" z_index="1" m_a="1.000000" m_b="0.000000" m_c="0.000000" m_d="1.000000" m_tx="0.000000" m_ty="-96.833336"/>
  </frame>
  <frame idx="5000" w="143" h="246" x="0.000000" y="-96.666656">
   <element name="body" layername="body" frame="0" z_index="2" m_a="1.000000" m_b="0.000000" m_c="0.000000" m_d="1.000000" m_tx="0.000000" m_ty="-96.666664"/>
   <element name="symbol_nil" layername="symbol_nil" frame="0" z_index="1" m_a="1.000000" m_b="0.000000" m_c="0.000000" m_d="1.000000" m_tx="0.000000" m_ty="-96.666664"/>
  </frame>
  <frame idx="5025" w="143" h="246" x="0.000000" y="-96.500000">
   <element name="body" layername="body" frame="0" z_index="2" m_a="1.000000" m_b="0.000000" m_c="0.000000" m_d="1.000000" m_tx="0.000000" m_ty="-96.500000"/>
   <element name="symbol_nil" layername="symbol_nil" frame="0" z_index="1" m_a="1.000000" m_b="0.000000" m_c="0.000000" m_d="1.000000" m_tx="0.000000" m_ty="-96.500000"/>
  </frame>
  <frame idx="5050" w="143" h="246" x="0.000000" y="-96.333344">
   <element name="body" layername="body" frame="0" z_index="2" m_a="1.000000" m_b="0.000000" m_c="0.000000" m_d="1.000000" m_tx="0.000000" m_ty="-96.333336"/>
   <element name="symbol_nil" layername="symbol_nil" frame="0" z_index="1" m_a="1.000000" m_b="0.000000" m_c="0.000000" m_d="1.000000" m_tx="0.000000" m_ty="-96.333336"/>
  </frame>
  <frame idx="5075" w="143" h="246" x="0.000000" y="-96.166656">
   <element name="body" layername="body" frame="0" z_index="2" m_a="1.000000" m_b="0.000000" m_c="0.000000" m_d="1.000000" m_tx="0.000000" m_ty="-96.166664"/>
   <element name="symbol_nil" layername="symbol_nil" frame="0" z_index="1" m_a="1.000000" m_b="0.000000" m_c="0.000000" m_d="1.000000" m_tx="0.000000" m_ty="-96.166664"/>
  </frame>
  <frame idx="5100" w="143" h="245" x="0.000000" y="-96.000000">
   <element name="body" layername="body" frame="0" z_index="2" m_a="1.000000" m_b="0.000000" m_c="0.000000" m_d="1.000000" m_tx="0.000000" m_ty="-96.000000"/>
   <element name="symbol_nil" layername="symbol_nil" frame="0" z_index="1" m_a="1.000000" m_b="0.000000" m_c="0.000000" m_d="1.000000" m_tx="0.000000" m_ty="-96.000000"/>
  </frame>
  <frame idx="5125" w="143" h="245" x="0.000000" y="-95.833344">
   <element name="body" layername="body" frame="0" z_index="2" m_a="1.000000" m_b="0.000000" m_c="0.000000" m_d="1.000000" m_tx="0.000000" m_ty="-95.833336"/>
   <element name="symbol_nil" layername="symbol_nil" frame="0" z_index="1" m_a="1.000000" m_b="0.000000" m_c="0.000000" m_d="1.000000" m_tx="0.000000" m_ty="-95.833336"/>
  </frame>
  <frame idx="5150" w="143" h="245" x="0.000000" y="-95.666656">
   <element name="body" layername="body" frame="0" z_index="2" m_a="1.000000" m_b="0.000000" m_c="0.000000" m_d="1.000000" m_tx="0.000000" m_ty="-95.666664"/>
   <element name="symbol_nil" layername="symbol_nil" frame="0" z_index="1" m_a="1.000000" m_b="0.000000" m_c="0.000000" m_d="1.000000" m_tx="0.000000" m_ty="-95.666664"/>
  </frame>
  <frame idx="5175" w="143" h="245" x="0.000000" y="-95.500000">
   <element name="body" layername="body" frame="0" z_index="2" m_a="1.000000" m_b="0.000000" m_c="0.000000" m_d="1.000000" m_tx="0.000000" m_ty="-95.500000"/>
   <element name="symbol_nil" layername="symbol_nil" frame="0" z_index="1" m_a="1.000000" m_b="0.000000" m_c="0.000000" m_d="1.000000" m_tx="0.000000" m_ty="-95.500000"/>
  </frame>
  <frame idx="5200" w="143" h="245" x="0.000000" y="-95.333344">
   <element name="body" layername="body" frame="0" z_index="2" m_a="1.000000" m_b="0.000000" m_c="0.000000" m_d="1.000000" m_tx="0.000000" m_ty="-95.333336"/>
   <element name="symbol_nil" layername="symbol_nil" frame="0" z_index="1" m_a="1.000000" m_b="0.000000" m_c="0.000000" m_d="1.000000" m_tx="0.000000" m_ty="-95.333336"/>
  </frame>
  <frame idx="5225" w="143" h="245" x="0.000000" y="-95.166656">
   <element name="body" layername="body" frame="0" z_index="2" m_a="1.000000" m_b="0.000000" m_c="0.000000" m_d="1.000000" m_tx="0.000000" m_ty="-95.166664"/>
   <element name="symbol_nil" layername="symbol_nil" frame="0" z_index="1" m_a="1.000000" m_b="0.000000" m_c="0.000000" m_d="1.000000" m_tx="0.000000" m_ty="-95.166664"/>
  </frame>
  <frame idx="5250" w="143" h="244" x="0.000000" y="-95.000000">
   <element name="body" layername="body" frame="0" z_index="2" m_a="1.000000" m_b="0.000000" m_c="0.000000" m_d="1.000000" m_tx="0.000000" m_ty="-95.000000"/>
   <element name="symbol_nil" layername="symbol_nil" frame="0" z_index="1" m_a="1.000000" m_b="0.000000" m_c="0.000000" m_d="1.000000" m_tx="0.000000" m_ty="-95.000000"/>
  </frame>
  <frame idx="5275" w="143" h="244" x="0.000000" y="-94.833344">
   <element name="body" layername="body" frame="0" z_index="2" m_a="1.000000" m_b="0.000000" m_c="0.000000" m_d="1.000000" m_tx="0.000000" m_ty="-94.833336"/>
   <element name="symbol_nil" layername="symbol_nil" frame="0" z_index="1" m_a="1.000000" m_b="0.000000" m_c="0.000000" m_d="1.000000" m_tx="0.000000" m_ty="-94.833336"/>
  </frame>
  <frame idx="5300" w="143" h="244" x="0.000000" y="-94.666656">
   <element name="body" layername="body" frame="0" z_index="2" m_a="1.000000" m_b="0.000000" m_c="0.000000" m_d="1.000000" m_tx="0.000000" m_ty="-94.666664"/>
   <element name="symbol_nil" layername="symbol_nil" frame="0" z_index="1" m_a="1.000000" m_b="0.000000" m_c="0.000000" m_d="1.000000" m_tx="0.000000" m_ty="-94.666664"/>
  </frame>
  <frame idx="5325" w="143" h="244" x="0.000000" y="-94.500000">
   <element name="body" layername="body" frame="0" z_index="2" m_a="1.000000" m_b="0.000000" m_c="0.000000" m_d="1.000000" m_tx="0.000000" m_ty="-94.500000"/>
   <element name="symbol_nil" layername="symbol_nil" frame="0" z_index="1" m_a="1.000000" m_b="0.000000" m_c="0.000000" m_d="1.000000" m_tx="0.000000" m_ty="-94.500000"/>
  </frame>
  <frame idx="5350" w="143" h="244" x="0.000000" y="-94.333344">
   <element name="body" layername="body" frame="0" z_index="2" m_a="1.000000" m_b="0.000000" m_c="0.000000" m_d="1.000000" m_tx="0.000000" m_ty="-94.333336"/>
   <element name="symbol_nil" layername="symbol_nil" frame="0" z_index="1" m_a="1.000000" m_b="0.000000" m_c="0.000000" m_d="1.000000" m_tx="0.000000" m_ty="-94.333336"/>
  </frame>
  <frame idx="5375" w="143" h="244" x="0.000000" y="-94.166656">
   <element name="body" layername="body" frame="0" z_index="2" m_a="1.000000" m_b="0.000000" m_c="0.000000" m_d="1.000000" m_tx="0.000000" m_ty="-94.166664"/>
   <element name="symbol_nil" layername="symbol_nil" frame="0" z_index="1" m_a="1.000000" m_b="0.000000" m_c="0.000000" m_d="1.000000" m_tx="0.000000" m_ty="-94.166664"/>
  </frame>
  <frame idx="5400" w="143" h="242" x="0.000000" y="-94.000000">
   <element name="body" layername="body" frame="0" z_index="2" m_a="1.000000" m_b="0.000000" m_c="0.000000" m_d="1.000000" m_tx="0.000000" m_ty="-94.000000"/>
   <element name="symbol_nil" layername="symbol_nil" frame="0" z_index="1" m_a="1.000000" m_b="0.000000" m_c="0.000000" m_d="1.000000" m_tx="0.000000" m_ty="-94.000000"/>
  </frame>
  <frame idx="5425" w="143" h="242" x="0.000000" y="-93.833344">
   <element name="body" layername="body" frame="0" z_index="2" m_a="1.000000" m_b="0.000000" m_c="0.000000" m_d="1.000000" m_tx="0.000000" m_ty="-93.833336"/>
   <element name="symbol_nil" layername="symbol_nil" frame="0" z_index="1" m_a="1.000000" m_b="0.000000" m_c="0.000000" m_d="1.000000" m_tx="0.000000" m_ty="-93.833336"/>
  </frame>
  <frame idx="5450" w="143" h="242" x="0.000000" y="-93.666656">
   <element name="body" layername="body" frame="0" z_index="2" m_a="1.000000" m_b="0.000000" m_c="0.000000" m_d="1.000000" m_tx="0.000000" m_ty="-93.666664"/>
   <element name="symbol_nil" layername="symbol_nil" frame="0" z_index="1" m_a="1.000000" m_b="0.000000" m_c="0.000000" m_d="1.000000" m_tx="0.000000" m_ty="-93.666664"/>
  </frame>
  <frame idx="5475" w="143" h="242" x="0.000000" y="-93.500000">
   <element name="body" layername="body" frame="0" z_index="2" m_a="1.000000" m_b="0.000000" m_c="0.000000" m_d="1.000000" m_tx="0.000000" m_ty="-93.500000"/>
   <element name="symbol_nil" layername="symbol_nil" frame="0" z_index="1" m_a="1.000000" m_b="0.000000" m_c="0.000000" m_d="1.000000" m_tx="0.000000" m_ty="-93.500000"/>
  </frame>
  <frame idx="5500" w="143" h="242" x="0.000000" y="-93.333344">
   <element name="body" layername="body" frame="0" z_index="2" m_a="1.000000" m_b="0.000000" m_c="0.000000" m_d="1.000000" m_tx="0.000000" m_ty="-93.333336"/>
   <element name="symbol_nil" layername="symbol_nil" frame="0" z_index="1" m_a="1.000000" m_b="0.000000" m_c="0.000000" m_d="1.000000" m_tx="0.000000" m_ty="-93.333336"/>
  </frame>
  <frame idx="5525" w="143" h="242" x="0.000000" y="-93.166656">
   <element name="body" layername="body" frame="0" z_index="2" m_a="1.000000" m_b="0.000000" m_c="0.000000" m_d="1.000000" m_tx="0.000000" m_ty="-93.166664"/>
   <element name="symbol_nil" layername="symbol_nil" frame="0" z_index="1" m_a="1.000000" m_b="0.000000" m_c="0.000000" m_d="1.000000" m_tx="0.000000" m_ty="-93.166664"/>
  </frame>
  <frame idx="5550" w="143" h="241" x="0.000000" y="-93.000000">
   <element name="body" layername="body" frame="0" z_index="2" m_a="1.000000" m_b="0.000000" m_c="0.000000" m_d="1.000000" m_tx="0.000000" m_ty="-93.000000"/>
   <element name="symbol_nil" layername="symbol_nil" frame="0" z_index="1" m_a="1.000000" m_b="0.000000" m_c="0.000000" m_d="1.000000" m_tx="0.000000" m_ty="-93.000000"/>
  </frame>
  <frame idx="5575" w="143" h="241" x="0.000000" y="-92.833344">
   <element name="body" layername="body" frame="0" z_index="2" m_a="1.000000" m_b="0.000000" m_c="0.000000" m_d="1.000000" m_tx="0.000000" m_ty="-92.833336"/>
   <element name="symbol_nil" layername="symbol_nil" frame="0" z_index="1" m_a="1.000000" m_b="0.000000" m_c="0.000000" m_d="1.000000" m_tx="0.000000" m_ty="-92.833336"/>
  </frame>
  <frame idx="5600" w="143" h="241" x="0.000000" y="-92.666656">
   <element name="body" layername="body" frame="0" z_index="2" m_a="1.000000" m_b="0.000000" m_c="0.000000" m_d="1.000000" m_tx="0.000000" m_ty="-92.666664"/>
   <element name="symbol_nil" layername="symbol_nil" frame="0" z_index="1" m_a="1.000000" m_b="0.000000" m_c="0.000000" m_d="1.000000" m_tx="0.000000" m_ty="-92.666664"/>
  </frame>
  <frame idx="5625" w="143" h="241" x="0.000000" y="-92.500000">
   <element name="body" layername="body" frame="0" z_index="2" m_a="1.000000" m_b="0.000000" m_c="0.000000" m_d="1.000000" m_tx="0.000000" m_ty="-92.500000"/>
   <element name="symbol_nil" layername="symbol_nil" frame="0" z_index="1" m_a="1.000000" m_b="0.000000" m_c="0.000000" m_d="1.000000" m_tx="0.000000" m_ty="-92.500000"/>
  </frame>
  <frame idx="5650" w="143" h="241" x="0.000000" y="-92.333344">
   <element name="body" layername="body" frame="0" z_index="2" m_a="1.000000" m_b="0.000000" m_c="0.000000" m_d="1.000000" m_tx="0.000000" m_ty="-92.333336"/>
   <element name="symbol_nil" layername="symbol_nil" frame="0" z_index="1" m_a="1.000000" m_b="0.000000" m_c="0.000000" m_d="1.000000" m_tx="0.000000" m_ty="-92.333336"/>
  </frame>
  <frame idx="5675" w="143" h="241" x="0.000000" y="-92.166656">
   <element name="body" layername="body" frame="0" z_index="2" m_a="1.000000" m_b="0.000000" m_c="0.000000" m_d="1.000000" m_tx="0.000000" m_ty="-92.166664"/>
   <element name="symbol_nil" layername="symbol_nil" frame="0" z_index="1" m_a="1.000000" m_b="0.000000" m_c="0.000000" m_d="1.000000" m_tx="0.000000" m_ty="-92.166664"/>
  </frame>
  <frame idx="5700" w="143" h="240" x="0.000000" y="-92.000000">
   <element name="body" layername="body" frame="0" z_index="2" m_a="1.000000" m_b="0.000000" m_c="0.000000" m_d="1.000000" m_tx="0.000000" m_ty="-92.000000"/>
   <element name="symbol_nil" layername="symbol_nil" frame="0" z_index="1" m_a="1.000000" m_b="0.000000" m_c="0.000000" m_d="1.000000" m_tx="0.000000" m_ty="-92.000000"/>
  </frame>
  <frame idx="5725" w="143" h="240" x="0.000000" y="-91.833344">
   <element name="body" layername="body" frame="0" z_index="2" m_a="1.000000" m_b="0.000000" m_c="0.000000" m_d="1.000000" m_tx="0.000000" m_ty="-91.833336"/>
   <element name="symbol_nil" layername="symbol_nil" frame="0" z_index="1" m_a="1.000000" m_b="0.000000" m_c="0.000000" m_d="1.000000" m_tx="0.000000" m_ty="-91.833336"/>
  </frame>
  <frame idx="5750" w="143" h="240" x="0.000000" y="-91.666656">
   <element name="body" layername="body" frame="0" z_index="2" m_a="1.000000" m_b="0.000000" m_c="0.000000" m_d="1.000000" m_tx="0.000000" m_ty="-91.666664"/>
   <element name="symbol_nil" layername="symbol_nil" frame="0" z_index="1" m_a="1.000000" m_b="0.000000" m_c="0.000000" m_d="1.000000" m_tx="0.000000" m_ty="-91.666664"/>
  </frame>
  <frame idx="5775" w="143" h="240" x="0.000000" y="-91.500000">
   <element name="body" layername="body" frame="0" z_index="2" m_a="1.000000" m_b="0.000000" m_c="0.000000" m_d="1.000000" m_tx="0.000000" m_ty="-91.500000"/>
   <element name="symbol_nil" layername="symbol_nil" frame="0" z_index="1" m_a="1.000000" m_b="0.000000" m_c="0.000000" m_d="1.000000" m_tx="0.000000" m_ty="-91.500000"/>
  </frame>
  <frame idx="5800" w="143" h="240" x="0.000000" y="-91.333344">
   <element name="body" layername="body" frame="0" z_index="2" m_a="1.000000" m_b="0.000000" m_c="0.000000" m_d="1.000000" m_tx="0.000000" m_ty="-91.333336"/>
   <element name="symbol_nil" layername="symbol_nil" frame="0" z_index="1" m_a="1.000000" m_b="0.000000" m_c="0.000000" m_d="1.000000" m_tx="0.000000" m_ty="-91.333336"/>
  </frame>
  <frame idx="5825" w="143" h="240" x="0.000000" y="-91.166656">
   <element name="body" layername="body" frame="0" z_index="2" m_a="1.000000" m_b="0.000000" m_c="0.000000" m_d="1.000000" m_tx="0.000000" m_ty="-91.166664"/>
   <element name="symbol_nil" layername="symbol_nil" frame="0" z_index="1" m_a="1.000000" m_b="0.000000" m_c="0.000000" m_d="1.000000" m_tx="0.000000" m_ty="-91.166664"/>
  </frame>
  <frame idx="5850" w="143" h="239" x="0.000000" y="-91.000000">
   <element name="body" layername="body" frame="0" z_index="2" m_a="1.000000" m_b="0.000000" m_c="0.000000" m_d="1.000000" m_tx="0.000000" m_ty="-91.000000"/>
   <element name="symbol_nil" layername="symbol_nil" frame="0" z_index="1" m_a="1.000000" m_b="0.000000" m_c="0.000000" m_d="1.000000" m_tx="0.000000" m_ty="-91.000000"/>
  </frame>
  <frame idx="5875" w="143" h="239" x="0.000000" y="-90.833344">
   <element name="body" layername="body" frame="0" z_index="2" m_a="1.000000" m_b="0.000000" m_c="0.000000" m_d="1.000000" m_tx="0.000000" m_ty="-90.833336"/>
   <element name="symbol_nil" layername="symbol_nil" frame="0" z_index="1" m_a="1.000000" m_b="0.000000" m_c="0.000000" m_d="1.000000" m_tx="0.000000" m_ty="-90.833336"/>
  </frame>
  <frame idx="5900" w="143" h="239" x="0.000000" y="-90.666656">
   <element name="body" layername="body" frame="0" z_index="2" m_a="1.000000" m_b="0.000000" m_c="0.000000" m_d="1.000000" m_tx="0.000000" m_ty="-90.666664"/>
   <element name="symbol_nil" layername="symbol_nil" frame="0" z_index="1" m_a="1.000000" m_b="0.000000" m_c="0.000000" m_d="1.000000" m_tx="0.000000" m_ty="-90.666664"/>
  </frame>
  <frame idx="5925" w="143" h="239" x="0.000000" y="-90.500000">
   <element name="body" layername="body" frame="0" z_index="2" m_a="1.000000" m_b="0.000000" m_c="0.000000" m_d="1.000000" m_tx="0.000000" m_ty="-90.500000"/>
   <element name="symbol_nil" layername="symbol_nil" frame="0" z_index="1" m_a="1.000000" m_b="0.000000" m_c="0.000000" m_d="1.000000" m_tx="0.000000" m_ty="-90.500000"/>
  </frame>
  <frame idx="5950" w="143" h="239" x="0.000000" y="-90.333344">
   <element name="body" layername="body" frame="0" z_index="2" m_a="1.000000" m_b="0.000000" m_c="0.000000" m_d="1.000000" m_tx="0.000000" m_ty="-90.333336"/>
   <element name="symbol_nil" layername="symbol_nil" frame="0" z_index="1" m_a="1.000000" m_b="0.000000" m_c="0.000000" m_d="1.000000" m_tx="0.000000" m_ty="-90.333336"/>
  </frame>
  <frame idx="5975" w="143" h="239" x="0.000000" y="-90.166656">
   <element name="body" layername="body" frame="0" z_index="2" m_a="1.000000" m_b="0.000000" m_c="0.000000" m_d="1.000000" m_tx="0.000000" m_ty="-90.166664"/>
   <element name="symbol_nil" layername="symbol_nil" frame="0" z_index="1" m_a="1.000000" m_b="0.000000" m_c="0.000000" m_d="1.000000" m_tx="0.000000" m_ty="-90.166664"/>
  </frame>
 </anim>
</Anims>
