<Anims>
 <anim name="thrown" root="bloodpump" numframes="1000" framerate="40">
  <frame idx="0" w="150" h="162" x="0.050461" y="-26.799484">
   <element name="bloodpump01" layername="bloodpum" frame="0" z_index="1" m_a="1.000000" m_b="0.000000" m_c="0.000000" m_d="1.000000" m_tx="0.000000" m_ty="0.000000"/>
  </frame>
  <frame idx="25" w="159" h="197" x="10.012383" y="-38.284409">
   <element name="bloodpump01" layername="bloodpum" frame="0" z_index="1" m_a="0.987688" m_b="-0.156434" m_c="0.156434" m_d="0.987688" m_tx="1.413043" m_ty="-0.108696"/>
  </frame>
  <frame idx="50" w="164" h="229" x="18.089409" y="-50.966637">
   <element name="bloodpump01" layername="bloodpum" frame="0" z_index="1" m_a="0.951057" m_b="-0.309017" m_c="0.309017" m_d="0.951057" m_tx="2.826087" m_ty="-0.217391"/>
  </frame>
  <frame idx="75" w="168" h="258" x="24.117466" y="-64.536537">
   <element name="bloodpump01" layername="bloodpum" frame="0" z_index="1" m_a="0.891006" m_b="-0.453991" m_c="0.453991" m_d="0.891006" m_tx="4.239130" m_ty="-0.326087"/>
  </frame>
  <frame idx="100" w="169" h="282" x="27.982910" y="-78.662643">
   <element name="bloodpump01" layername="bloodpum" frame="0" z_index="1" m_a="0.809017" m_b="-0.587785" m_c="0.587785" m_d="0.809017" m_tx="5.652174" m_ty="-0.434783"/>
  </frame>
  <frame idx="125" w="168" h="303" x="29.625343" y="-92.999809">
   <element name="bloodpump01" layername="bloodpum" frame="0" z_index="1" m_a="0.707107" m_b="-0.707107" m_c="0.707107" m_d="0.707107" m_tx="7.065217" m_ty="-0.543478"/>
  </frame>
  <frame idx="150" w="163" h="317" x="29.039135" y="-107.197708">
   <element name="bloodpump01" layername="bloodpum" frame="0" z_index="1" m_a="0.587785" m_b="-0.809017" m_c="0.809017" m_d="0.587785" m_tx="8.478261" m_ty="-0.652174"/>
  </frame>
  <frame idx="175" w="158" h="327" x="26.273506" y="-120.909370">
   <element name="bloodpump01" layername="bloodpum" frame="0" z_index="1" m_a="0.453990" m_b="-0.891007" m_c="0.891007" m_d="0.453990" m_tx="9.891304" m_ty="-0.760870"/>
  </frame>
  <frame idx="200" w="149" h="332" x="21.431355" y="-133.799866">
   <element name="bloodpump01" layername="bloodpum" frame="0" z_index="1" m_a="0.309017" m_b="-0.951057" m_c="0.951057" m_d="0.309017" m_tx="11.304348" m_ty="-0.869566"/>
  </frame>
  <frame idx="225" w="139" h="329" x="14.666702" y="-145.554474">
   <element name="bloodpump01" layername="bloodpum" frame="0" z_index="1" m_a="0.156434" m_b="-0.987688" m_c="0.987688" m_d="0.156434" m_tx="12.717391" m_ty="-0.978261"/>
  </frame>
  <frame idx="250" w="126" h="322" x="6.180889" y="-155.886444">
   <element name="bloodpump01" layername="bloodpum" frame="0" z_index="1" m_a="-0.000000" m_b="-1.000000" m_c="1.000000" m_d="-0.000000" m_tx="14.130435" m_ty="-1.086957"/>
  </frame>
  <frame idx="275" w="162" h="352" x="-6.825775" y="-166.391830">
   <element name="bloodpump01" layername="bloodpum" frame="0" z_index="1" m_a="-0.156434" m_b="-0.987688" m_c="0.987688" m_d="-0.156434" m_tx="12.500000" m_ty="-3.043478"/>
  </frame>
  <frame idx="300" w="196" h="377" x="-21.029747" y="-175.012360">
   <element name="bloodpump01" layername="bloodpum" frame="0" z_index="1" m_a="-0.309017" m_b="-0.951056" m_c="0.951056" m_d="-0.309017" m_tx="10.869565" m_ty="-5.000000"/>
  </frame>
  <frame idx="325" w="226" h="394" x="-36.121384" y="-181.583862">
   <element name="bloodpump01" layername="bloodpum" frame="0" z_index="1" m_a="-0.453991" m_b="-0.891006" m_c="0.891006" m_d="-0.453991" m_tx="9.239130" m_ty="-6.956522"/>
  </frame>
  <frame idx="350" w="252" h="404" x="-51.769241" y="-185.992798">
   <element name="bloodpump01" layername="bloodpum" frame="0" z_index="1" m_a="-0.587785" m_b="-0.809017" m_c="0.809017" m_d="-0.587785" m_tx="7.608696" m_ty="-8.913044"/>
  </frame>
  <frame idx="375" w="274" h="407" x="-67.628136" y="-188.178711">
   <element name="bloodpump01" layername="bloodpum" frame="0" z_index="1" m_a="-0.707107" m_b="-0.707107" m_c="0.707107" m_d="-0.707107" m_tx="5.978261" m_ty="-10.869565"/>
  </frame>
  <frame idx="400" w="291" h="403" x="-83.347763" y="-188.135986">
   <element name="bloodpump01" layername="bloodpum" frame="0" z_index="1" m_a="-0.809017" m_b="-0.587785" m_c="0.587785" m_d="-0.809017" m_tx="4.347826" m_ty="-12.826087"/>
  </frame>
  <frame idx="425" w="303" h="391" x="-98.581177" y="-185.913834">
   <element name="bloodpump01" layername="bloodpum" frame="0" z_index="1" m_a="-0.891007" m_b="-0.453990" m_c="0.453990" m_d="-0.891007" m_tx="2.717392" m_ty="-14.782608"/>
  </frame>
  <frame idx="450" w="308" h="372" x="-112.993401" y="-181.615158">
   <element name="bloodpump01" layername="bloodpum" frame="0" z_index="1" m_a="-0.951056" m_b="-0.309017" m_c="0.309017" m_d="-0.951056" m_tx="1.086956" m_ty="-16.739130"/>
  </frame>
  <frame idx="475" w="308" h="348" x="-126.269760" y="-175.393982">
   <element name="bloodpump01" layername="bloodpum" frame="0" z_index="1" m_a="-0.987688" m_b="-0.156434" m_c="0.156434" m_d="-0.987688" m_tx="-0.543478" m_ty="-18.695652"/>
  </frame>
  <frame idx="500" w="303" h="317" x="-138.123459" y="-167.451660">
   <element name="bloodpump01" layername="bloodpum" frame="0" z_index="1" m_a="-1.000000" m_b="0.000000" m_c="-0.000000" m_d="-1.000000" m_tx="-2.173913" m_ty="-20.652174"/>
  </frame>
  <frame idx="525" w="333" h="325" x="-148.628845" y="-154.771057">
   <element name="bloodpump01" layername="bloodpum" frame="0" z_index="1" m_a="-0.987688" m_b="0.156435" m_c="-0.156435" m_d="-0.987688" m_tx="-4.130435" m_ty="-19.347826"/>
  </frame>
  <frame idx="550" w="357" h="328" x="-157.249359" y="-140.893188">
   <element name="bloodpump01" layername="bloodpum" frame="0" z_index="1" m_a="-0.951057" m_b="0.309017" m_c="-0.309017" m_d="-0.951057" m_tx="-6.086956" m_ty="-18.043478"/>
  </frame>
  <frame idx="575" w="374" h="325" x="-163.820892" y="-126.127640">
   <element name="bloodpump01" layername="bloodpum" frame="0" z_index="1" m_a="-0.891007" m_b="0.453991" m_c="-0.453991" m_d="-0.891007" m_tx="-8.043478" m_ty="-16.739130"/>
  </frame>
  <frame idx="600" w="384" h="317" x="-168.229797" y="-110.805878">
   <element name="bloodpump01" layername="bloodpum" frame="0" z_index="1" m_a="-0.809017" m_b="0.587785" m_c="-0.587785" m_d="-0.809017" m_tx="-10.000000" m_ty="-15.434782"/>
  </frame>
  <frame idx="625" w="388" h="305" x="-170.415726" y="-95.273071">
   <element name="bloodpump01" layername="bloodpum" frame="0" z_index="1" m_a="-0.707107" m_b="0.707107" m_c="-0.707107" m_d="-0.707107" m_tx="-11.956521" m_ty="-14.130435"/>
  </frame>
  <frame idx="650" w="383" h="288" x="-170.372986" y="-79.879501">
   <element name="bloodpump01" layername="bloodpum" frame="0" z_index="1" m_a="-0.587785" m_b="0.809017" m_c="-0.809017" m_d="-0.587785" m_tx="-13.913043" m_ty="-12.826087"/>
  </frame>
  <frame idx="675" w="371" h="266" x="-168.150848" y="-64.972183">
   <element name="bloodpump01" layername="bloodpum" frame="0" z_index="1" m_a="-0.453990" m_b="0.891007" m_c="-0.891007" m_d="-0.453990" m_tx="-15.869564" m_ty="-11.521740"/>
  </frame>
  <frame idx="700" w="354" h="240" x="-163.852158" y="-50.886024">
   <element name="bloodpump01" layername="bloodpum" frame="0" z_index="1" m_a="-0.309017" m_b="0.951057" m_c="-0.951057" m_d="-0.309017" m_tx="-17.826086" m_ty="-10.217391"/>
  </frame>
  <frame idx="725" w="328" h="212" x="-157.630997" y="-37.935791">
   <element name="bloodpump01" layername="bloodpum" frame="0" z_index="1" m_a="-0.156435" m_b="0.987688" m_c="-0.987688" m_d="-0.156435" m_tx="-19.782608" m_ty="-8.913044"/>
  </frame>
  <frame idx="750" w="297" h="180" x="-149.688660" y="-26.408173">
   <element name="bloodpump01" layername="bloodpum" frame="0" z_index="1" m_a="0.000000" m_b="1.000000" m_c="-1.000000" m_d="0.000000" m_tx="-21.739130" m_ty="-7.608696"/>
  </frame>
  <frame idx="775" w="304" h="189" x="-136.138504" y="-17.098434">
   <element name="bloodpump01" layername="bloodpum" frame="0" z_index="1" m_a="0.156435" m_b="0.987688" m_c="-0.987688" m_d="0.156435" m_tx="-19.565216" m_ty="-6.847826"/>
  </frame>
  <frame idx="800" w="306" h="195" x="-121.391068" y="-9.673569">
   <element name="bloodpump01" layername="bloodpum" frame="0" z_index="1" m_a="0.309017" m_b="0.951056" m_c="-0.951056" m_d="0.309017" m_tx="-17.391304" m_ty="-6.086957"/>
  </frame>
  <frame idx="825" w="303" h="198" x="-105.755951" y="-4.297684">
   <element name="bloodpump01" layername="bloodpum" frame="0" z_index="1" m_a="0.453991" m_b="0.891006" m_c="-0.891006" m_d="0.453991" m_tx="-15.217390" m_ty="-5.326087"/>
  </frame>
  <frame idx="850" w="294" h="201" x="-89.564621" y="-1.084427">
   <element name="bloodpump01" layername="bloodpum" frame="0" z_index="1" m_a="0.587785" m_b="0.809017" m_c="-0.809017" m_d="0.587785" m_tx="-13.043478" m_ty="-4.565217"/>
  </frame>
  <frame idx="875" w="281" h="201" x="-73.162270" y="-0.094162">
   <element name="bloodpump01" layername="bloodpum" frame="0" z_index="1" m_a="0.707107" m_b="0.707107" m_c="-0.707107" m_d="0.707107" m_tx="-10.869565" m_ty="-3.804348"/>
  </frame>
  <frame idx="900" w="262" h="197" x="-56.899147" y="-1.332535">
   <element name="bloodpump01" layername="bloodpum" frame="0" z_index="1" m_a="0.809017" m_b="0.587785" m_c="-0.587785" m_d="0.809017" m_tx="-8.695651" m_ty="-3.043478"/>
  </frame>
  <frame idx="925" w="239" h="192" x="-41.122261" y="-4.750343">
   <element name="bloodpump01" layername="bloodpum" frame="0" z_index="1" m_a="0.891007" m_b="0.453991" m_c="-0.453991" m_d="0.891007" m_tx="-6.521739" m_ty="-2.282609"/>
  </frame>
  <frame idx="950" w="213" h="184" x="-26.166534" y="-10.244675">
   <element name="bloodpump01" layername="bloodpum" frame="0" z_index="1" m_a="0.951057" m_b="0.309017" m_c="-0.309017" m_d="0.951057" m_tx="-4.347826" m_ty="-1.521739"/>
  </frame>
  <frame idx="975" w="183" h="174" x="-12.346672" y="-17.661537">
   <element name="bloodpump01" layername="bloodpum" frame="0" z_index="1" m_a="0.987688" m_b="0.156434" m_c="-0.156434" m_d="0.987688" m_tx="-2.173914" m_ty="-0.760870"/>
  </frame>
 </anim>
</Anims>
