<Anims>
 <anim name="thrown" root="bloodpump" numframes="1000" framerate="40">
  <frame idx="0" w="150" h="132" x="61.000000" y="54.000000">
   <element name="bloodpump01" layername="bloodpum" frame="0" z_index="1" m_a="1.000000" m_b="0.000000" m_c="0.000000" m_d="1.000000" m_tx="0.000000" m_ty="0.000000"/>
  </frame>
  <frame idx="25" w="170" h="154" x="70.413040" y="41.616215">
   <element name="bloodpump01" layername="bloodpum" frame="0" z_index="1" m_a="0.987688" m_b="-0.156434" m_c="0.156434" m_d="0.987688" m_tx="1.413043" m_ty="-0.108696"/>
  </frame>
  <frame idx="50" w="184" h="173" x="77.826088" y="28.256298">
   <element name="bloodpump01" layername="bloodpum" frame="0" z_index="1" m_a="0.951057" m_b="-0.309017" m_c="0.309017" m_d="0.951057" m_tx="2.826087" m_ty="-0.217391"/>
  </frame>
  <frame idx="75" w="194" h="186" x="83.239128" y="13.931198">
   <element name="bloodpump01" layername="bloodpum" frame="0" z_index="1" m_a="0.891007" m_b="-0.453991" m_c="0.453991" m_d="0.891007" m_tx="4.239130" m_ty="-0.326087"/>
  </frame>
  <frame idx="100" w="200" h="196" x="86.652176" y="-0.373573">
   <element name="bloodpump01" layername="bloodpum" frame="0" z_index="1" m_a="0.809017" m_b="-0.587785" m_c="0.587785" m_d="0.809017" m_tx="5.652174" m_ty="-0.434783"/>
  </frame>
  <frame idx="125" w="201" h="201" x="88.565216" y="-15.209999">
   <element name="bloodpump01" layername="bloodpum" frame="0" z_index="1" m_a="0.707107" m_b="-0.707107" m_c="0.707107" m_d="0.707107" m_tx="7.065217" m_ty="-0.543478"/>
  </frame>
  <frame idx="150" w="196" h="200" x="88.478264" y="-29.678497">
   <element name="bloodpump01" layername="bloodpum" frame="0" z_index="1" m_a="0.587785" m_b="-0.809017" m_c="0.809017" m_d="0.587785" m_tx="8.478261" m_ty="-0.652174"/>
  </frame>
  <frame idx="175" w="186" h="194" x="85.891304" y="-42.937759">
   <element name="bloodpump01" layername="bloodpum" frame="0" z_index="1" m_a="0.453991" m_b="-0.891007" m_c="0.891007" m_d="0.453991" m_tx="9.891304" m_ty="-0.760870"/>
  </frame>
  <frame idx="200" w="173" h="184" x="81.804352" y="-55.213257">
   <element name="bloodpump01" layername="bloodpum" frame="0" z_index="1" m_a="0.309017" m_b="-0.951057" m_c="0.951057" m_d="0.309017" m_tx="11.304348" m_ty="-0.869566"/>
  </frame>
  <frame idx="225" w="154" h="170" x="75.717392" y="-66.303879">
   <element name="bloodpump01" layername="bloodpum" frame="0" z_index="1" m_a="0.156434" m_b="-0.987688" m_c="0.987688" m_d="0.156434" m_tx="12.717391" m_ty="-0.978261"/>
  </frame>
  <frame idx="250" w="132" h="150" x="68.130432" y="-76.086960">
   <element name="bloodpump01" layername="bloodpum" frame="0" z_index="1" m_a="-0.000000" m_b="-1.000000" m_c="1.000000" m_d="-0.000000" m_tx="14.130435" m_ty="-1.086957"/>
  </frame>
  <frame idx="275" w="154" h="170" x="54.224915" y="-87.141235">
   <element name="bloodpump01" layername="bloodpum" frame="0" z_index="1" m_a="-0.156434" m_b="-0.987688" m_c="0.987688" m_d="-0.156434" m_tx="12.500000" m_ty="-3.043479"/>
  </frame>
  <frame idx="300" w="173" h="184" x="39.343246" y="-96.425720">
   <element name="bloodpump01" layername="bloodpum" frame="0" z_index="1" m_a="-0.309017" m_b="-0.951056" m_c="0.951056" m_d="-0.309017" m_tx="10.869565" m_ty="-5.000000"/>
  </frame>
  <frame idx="325" w="186" h="194" x="23.496407" y="-103.612274">
   <element name="bloodpump01" layername="bloodpum" frame="0" z_index="1" m_a="-0.453991" m_b="-0.891006" m_c="0.891006" m_d="-0.453991" m_tx="9.239130" m_ty="-6.956522"/>
  </frame>
  <frame idx="350" w="196" h="200" x="7.669907" y="-108.473572">
   <element name="bloodpump01" layername="bloodpum" frame="0" z_index="1" m_a="-0.587785" m_b="-0.809017" m_c="0.809017" m_d="-0.587785" m_tx="7.608696" m_ty="-8.913044"/>
  </frame>
  <frame idx="375" w="201" h="201" x="-8.688263" y="-110.388901">
   <element name="bloodpump01" layername="bloodpum" frame="0" z_index="1" m_a="-0.707107" m_b="-0.707107" m_c="0.707107" m_d="-0.707107" m_tx="5.978261" m_ty="-10.869566"/>
  </frame>
  <frame idx="400" w="200" h="196" x="-24.678497" y="-109.846924">
   <element name="bloodpump01" layername="bloodpum" frame="0" z_index="1" m_a="-0.809017" m_b="-0.587785" m_c="0.587785" m_d="-0.809017" m_tx="4.347826" m_ty="-12.826088"/>
  </frame>
  <frame idx="425" w="194" h="186" x="-39.459503" y="-107.446091">
   <element name="bloodpump01" layername="bloodpum" frame="0" z_index="1" m_a="-0.891007" m_b="-0.453990" m_c="0.453990" m_d="-0.891007" m_tx="2.717391" m_ty="-14.782609"/>
  </frame>
  <frame idx="450" w="184" h="173" x="-53.256744" y="-102.392212">
   <element name="bloodpump01" layername="bloodpum" frame="0" z_index="1" m_a="-0.951057" m_b="-0.309017" m_c="0.309017" m_d="-0.951057" m_tx="1.086956" m_ty="-16.739130"/>
  </frame>
  <frame idx="475" w="170" h="154" x="-65.869095" y="-95.493347">
   <element name="bloodpump01" layername="bloodpum" frame="0" z_index="1" m_a="-0.987688" m_b="-0.156434" m_c="0.156434" m_d="-0.987688" m_tx="-0.543478" m_ty="-18.695652"/>
  </frame>
  <frame idx="500" w="150" h="134" x="-77.173920" y="-86.652176">
   <element name="bloodpump01" layername="bloodpum" frame="0" z_index="1" m_a="-1.000000" m_b="0.000000" m_c="-0.000000" m_d="-1.000000" m_tx="-2.173913" m_ty="-20.652174"/>
  </frame>
  <frame idx="525" w="170" h="154" x="-88.228195" y="-74.870422">
   <element name="bloodpump01" layername="bloodpum" frame="0" z_index="1" m_a="-0.987688" m_b="0.156435" m_c="-0.156435" m_d="-0.987688" m_tx="-4.130435" m_ty="-19.347826"/>
  </frame>
  <frame idx="550" w="184" h="173" x="-97.512680" y="-61.670258">
   <element name="bloodpump01" layername="bloodpum" frame="0" z_index="1" m_a="-0.951057" m_b="0.309017" m_c="-0.309017" m_d="-0.951057" m_tx="-6.086957" m_ty="-18.043478"/>
  </frame>
  <frame idx="575" w="194" h="186" x="-104.699234" y="-47.659912">
   <element name="bloodpump01" layername="bloodpum" frame="0" z_index="1" m_a="-0.891007" m_b="0.453991" m_c="-0.453991" m_d="-0.891007" m_tx="-8.043478" m_ty="-16.739130"/>
  </frame>
  <frame idx="600" w="200" h="196" x="-109.560547" y="-32.516815">
   <element name="bloodpump01" layername="bloodpum" frame="0" z_index="1" m_a="-0.809017" m_b="0.587785" m_c="-0.587785" m_d="-0.809017" m_tx="-10.000000" m_ty="-15.434783"/>
  </frame>
  <frame idx="625" w="201" h="201" x="-111.475861" y="-17.483231">
   <element name="bloodpump01" layername="bloodpum" frame="0" z_index="1" m_a="-0.707107" m_b="0.707107" m_c="-0.707107" m_d="-0.707107" m_tx="-11.956522" m_ty="-14.130435"/>
  </frame>
  <frame idx="650" w="196" h="200" x="-110.933868" y="-2.360298">
   <element name="bloodpump01" layername="bloodpum" frame="0" z_index="1" m_a="-0.587785" m_b="0.809017" m_c="-0.809017" m_d="-0.587785" m_tx="-13.913044" m_ty="-12.826087"/>
  </frame>
  <frame idx="675" w="186" h="194" x="-108.533035" y="12.999435">
   <element name="bloodpump01" layername="bloodpum" frame="0" z_index="1" m_a="-0.453990" m_b="0.891007" m_c="-0.891007" m_d="-0.453990" m_tx="-15.869565" m_ty="-11.521740"/>
  </frame>
  <frame idx="700" w="173" h="184" x="-103.479187" y="27.700558">
   <element name="bloodpump01" layername="bloodpum" frame="0" z_index="1" m_a="-0.309017" m_b="0.951056" m_c="-0.951056" m_d="-0.309017" m_tx="-17.826086" m_ty="-10.217391"/>
  </frame>
  <frame idx="725" w="154" h="170" x="-96.580292" y="41.314812">
   <element name="bloodpump01" layername="bloodpum" frame="0" z_index="1" m_a="-0.156435" m_b="0.987688" m_c="-0.987688" m_d="-0.156435" m_tx="-19.782608" m_ty="-8.913044"/>
  </frame>
  <frame idx="750" w="134" h="150" x="-87.739136" y="53.391304">
   <element name="bloodpump01" layername="bloodpum" frame="0" z_index="1" m_a="0.000000" m_b="1.000000" m_c="-1.000000" m_d="0.000000" m_tx="-21.739130" m_ty="-7.608696"/>
  </frame>
  <frame idx="775" w="154" h="170" x="-75.087814" y="62.152176">
   <element name="bloodpump01" layername="bloodpum" frame="0" z_index="1" m_a="0.156435" m_b="0.987688" m_c="-0.987688" m_d="0.156435" m_tx="-19.565216" m_ty="-6.847826"/>
  </frame>
  <frame idx="800" w="173" h="184" x="-61.018082" y="68.913040">
   <element name="bloodpump01" layername="bloodpum" frame="0" z_index="1" m_a="0.309017" m_b="0.951056" m_c="-0.951056" m_d="0.309017" m_tx="-17.391304" m_ty="-6.086957"/>
  </frame>
  <frame idx="825" w="186" h="194" x="-46.138161" y="73.673912">
   <element name="bloodpump01" layername="bloodpum" frame="0" z_index="1" m_a="0.453991" m_b="0.891006" m_c="-0.891006" m_d="0.453991" m_tx="-15.217391" m_ty="-5.326087"/>
  </frame>
  <frame idx="850" w="196" h="200" x="-30.125496" y="76.434784">
   <element name="bloodpump01" layername="bloodpum" frame="0" z_index="1" m_a="0.587785" m_b="0.809017" m_c="-0.809017" m_d="0.587785" m_tx="-13.043478" m_ty="-4.565217"/>
  </frame>
  <frame idx="875" w="201" h="201" x="-14.222351" y="77.695648">
   <element name="bloodpump01" layername="bloodpum" frame="0" z_index="1" m_a="0.707107" m_b="0.707107" m_c="-0.707107" m_d="0.707107" m_tx="-10.869565" m_ty="-3.804348"/>
  </frame>
  <frame idx="900" w="200" h="196" x="1.770157" y="76.956520">
   <element name="bloodpump01" layername="bloodpum" frame="0" z_index="1" m_a="0.809017" m_b="0.587785" m_c="-0.587785" m_d="0.809017" m_tx="-8.695651" m_ty="-3.043478"/>
  </frame>
  <frame idx="925" w="194" h="186" x="17.999397" y="73.717392">
   <element name="bloodpump01" layername="bloodpum" frame="0" z_index="1" m_a="0.891007" m_b="0.453991" m_c="-0.453991" m_d="0.891007" m_tx="-6.521739" m_ty="-2.282609"/>
  </frame>
  <frame idx="950" w="184" h="173" x="33.570141" y="68.978264">
   <element name="bloodpump01" layername="bloodpum" frame="0" z_index="1" m_a="0.951057" m_b="0.309017" m_c="-0.309017" m_d="0.951057" m_tx="-4.347826" m_ty="-1.521739"/>
  </frame>
  <frame idx="975" w="170" h="154" x="48.053963" y="62.239128">
   <element name="bloodpump01" layername="bloodpum" frame="0" z_index="1" m_a="0.987688" m_b="0.156434" m_c="-0.156434" m_d="0.987688" m_tx="-2.173913" m_ty="-0.760870"/>
  </frame>
 </anim>
</Anims>
