<Anims>
 <anim name="anim" root="partyhealth_extras" numframes="1000" framerate="40">
  <frame idx="0" w="240" h="135" x="12.973259" y="-10.500000">
   <element name="character_wormwood" layername="character_wormwood" frame="0" z_index="8" m_a="1.000000" m_b="0.000000" m_c="0.000000" m_d="1.000000" m_tx="-81.000000" m_ty="-65.000000"/>
   <element name="character_wormwood" layername="character_wormwood" frame="1" z_index="7" m_a="1.000000" m_b="0.000000" m_c="0.000000" m_d="1.000000" m_tx="-30.481283" m_ty="-63.368984"/>
   <element name="character_wortox" layername="character_wortox" frame="0" z_index="6" m_a="1.000000" m_b="0.000000" m_c="0.000000" m_d="1.000000" m_tx="22.192513" m_ty="-64.171120"/>
   <element name="character_wortox" layername="character_wortox" frame="1" z_index="5" m_a="1.000000" m_b="0.000000" m_c="0.000000" m_d="1.000000" m_tx="76.737968" m_ty="-63.636364"/>
   <element name="character_wurt" layername="character_wurt" frame="0" z_index="4" m_a="1.000000" m_b="0.000000" m_c="0.000000" m_d="1.000000" m_tx="-30.481283" m_ty="0.534759"/>
   <element name="character_wurt" layername="character_wurt" frame="1" z_index="3" m_a="1.000000" m_b="0.000000" m_c="0.000000" m_d="1.000000" m_tx="-85.026741" m_ty="-2.673797"/>
   <element name="character_walter" layername="character_walter" frame="0" z_index="2" m_a="1.000000" m_b="0.000000" m_c="0.000000" m_d="1.000000" m_tx="25.935829" m_ty="-0.534759"/>
   <element name="character_walter" layername="character_walter" frame="1" z_index="1" m_a="1.000000" m_b="0.000000" m_c="0.000000" m_d="1.000000" m_tx="84.759361" m_ty="-1.871658"/>
  </frame>
  <frame idx="25" w="240" h="135" x="12.973259" y="-10.500000">
   <element name="character_wormwood" layername="character_wormwood" frame="0" z_index="8" m_a="1.000000" m_b="0.000000" m_c="0.000000" m_d="1.000000" m_tx="-81.000000" m_ty="-65.000000"/>
   <element name="character_wormwood" layername="character_wormwood" frame="1" z_index="7" m_a="1.000000" m_b="0.000000" m_c="0.000000" m_d="1.000000" m_tx="-30.481283" m_ty="-63.368984"/>
   <element name="character_wortox" layername="character_wortox" frame="0" z_index="6" m_a="1.000000" m_b="0.000000" m_c="0.000000" m_d="1.000000" m_tx="22.192513" m_ty="-64.171120"/>
   <element name="character_wortox" layername="character_wortox" frame="1" z_index="5" m_a="1.000000" m_b="0.000000" m_c="0.000000" m_d="1.000000" m_tx="76.737968" m_ty="-63.636364"/>
   <element name="character_wurt" layername="character_wurt" frame="0" z_index="4" m_a="1.000000" m_b="0.000000" m_c="0.000000" m_d="1.000000" m_tx="-30.481283" m_ty="0.534759"/>
   <element name="character_wurt" layername="character_wurt" frame="1" z_index="3" m_a="1.000000" m_b="0.000000" m_c="0.000000" m_d="1.000000" m_tx="-85.026741" m_ty="-2.673797"/>
   <element name="character_walter" layername="character_walter" frame="0" z_index="2" m_a="1.000000" m_b="0.000000" m_c="0.000000" m_d="1.000000" m_tx="25.935829" m_ty="-0.534759"/>
   <element name="character_walter" layername="character_walter" frame="1" z_index="1" m_a="1.000000" m_b="0.000000" m_c="0.000000" m_d="1.000000" m_tx="84.759361" m_ty="-1.871658"/>
  </frame>
  <frame idx="50" w="240" h="135" x="12.973259" y="-10.500000">
   <element name="character_wormwood" layername="character_wormwood" frame="0" z_index="8" m_a="1.000000" m_b="0.000000" m_c="0.000000" m_d="1.000000" m_tx="-81.000000" m_ty="-65.000000"/>
   <element name="character_wormwood" layername="character_wormwood" frame="1" z_index="7" m_a="1.000000" m_b="0.000000" m_c="0.000000" m_d="1.000000" m_tx="-30.481283" m_ty="-63.368984"/>
   <element name="character_wortox" layername="character_wortox" frame="0" z_index="6" m_a="1.000000" m_b="0.000000" m_c="0.000000" m_d="1.000000" m_tx="22.192513" m_ty="-64.171120"/>
   <element name="character_wortox" layername="character_wortox" frame="1" z_index="5" m_a="1.000000" m_b="0.000000" m_c="0.000000" m_d="1.000000" m_tx="76.737968" m_ty="-63.636364"/>
   <element name="character_wurt" layername="character_wurt" frame="0" z_index="4" m_a="1.000000" m_b="0.000000" m_c="0.000000" m_d="1.000000" m_tx="-30.481283" m_ty="0.534759"/>
   <element name="character_wurt" layername="character_wurt" frame="1" z_index="3" m_a="1.000000" m_b="0.000000" m_c="0.000000" m_d="1.000000" m_tx="-85.026741" m_ty="-2.673797"/>
   <element name="character_walter" layername="character_walter" frame="0" z_index="2" m_a="1.000000" m_b="0.000000" m_c="0.000000" m_d="1.000000" m_tx="25.935829" m_ty="-0.534759"/>
   <element name="character_walter" layername="character_walter" frame="1" z_index="1" m_a="1.000000" m_b="0.000000" m_c="0.000000" m_d="1.000000" m_tx="84.759361" m_ty="-1.871658"/>
  </frame>
  <frame idx="75" w="240" h="135" x="12.973259" y="-10.500000">
   <element name="character_wormwood" layername="character_wormwood" frame="0" z_index="8" m_a="1.000000" m_b="0.000000" m_c="0.000000" m_d="1.000000" m_tx="-81.000000" m_ty="-65.000000"/>
   <element name="character_wormwood" layername="character_wormwood" frame="1" z_index="7" m_a="1.000000" m_b="0.000000" m_c="0.000000" m_d="1.000000" m_tx="-30.481283" m_ty="-63.368984"/>
   <element name="character_wortox" layername="character_wortox" frame="0" z_index="6" m_a="1.000000" m_b="0.000000" m_c="0.000000" m_d="1.000000" m_tx="22.192513" m_ty="-64.171120"/>
   <element name="character_wortox" layername="character_wortox" frame="1" z_index="5" m_a="1.000000" m_b="0.000000" m_c="0.000000" m_d="1.000000" m_tx="76.737968" m_ty="-63.636364"/>
   <element name="character_wurt" layername="character_wurt" frame="0" z_index="4" m_a="1.000000" m_b="0.000000" m_c="0.000000" m_d="1.000000" m_tx="-30.481283" m_ty="0.534759"/>
   <element name="character_wurt" layername="character_wurt" frame="1" z_index="3" m_a="1.000000" m_b="0.000000" m_c="0.000000" m_d="1.000000" m_tx="-85.026741" m_ty="-2.673797"/>
   <element name="character_walter" layername="character_walter" frame="0" z_index="2" m_a="1.000000" m_b="0.000000" m_c="0.000000" m_d="1.000000" m_tx="25.935829" m_ty="-0.534759"/>
   <element name="character_walter" layername="character_walter" frame="1" z_index="1" m_a="1.000000" m_b="0.000000" m_c="0.000000" m_d="1.000000" m_tx="84.759361" m_ty="-1.871658"/>
  </frame>
  <frame idx="100" w="240" h="135" x="12.973259" y="-10.500000">
   <element name="character_wormwood" layername="character_wormwood" frame="0" z_index="8" m_a="1.000000" m_b="0.000000" m_c="0.000000" m_d="1.000000" m_tx="-81.000000" m_ty="-65.000000"/>
   <element name="character_wormwood" layername="character_wormwood" frame="1" z_index="7" m_a="1.000000" m_b="0.000000" m_c="0.000000" m_d="1.000000" m_tx="-30.481283" m_ty="-63.368984"/>
   <element name="character_wortox" layername="character_wortox" frame="0" z_index="6" m_a="1.000000" m_b="0.000000" m_c="0.000000" m_d="1.000000" m_tx="22.192513" m_ty="-64.171120"/>
   <element name="character_wortox" layername="character_wortox" frame="1" z_index="5" m_a="1.000000" m_b="0.000000" m_c="0.000000" m_d="1.000000" m_tx="76.737968" m_ty="-63.636364"/>
   <element name="character_wurt" layername="character_wurt" frame="0" z_index="4" m_a="1.000000" m_b="0.000000" m_c="0.000000" m_d="1.000000" m_tx="-30.481283" m_ty="0.534759"/>
   <element name="character_wurt" layername="character_wurt" frame="1" z_index="3" m_a="1.000000" m_b="0.000000" m_c="0.000000" m_d="1.000000" m_tx="-85.026741" m_ty="-2.673797"/>
   <element name="character_walter" layername="character_walter" frame="0" z_index="2" m_a="1.000000" m_b="0.000000" m_c="0.000000" m_d="1.000000" m_tx="25.935829" m_ty="-0.534759"/>
   <element name="character_walter" layername="character_walter" frame="1" z_index="1" m_a="1.000000" m_b="0.000000" m_c="0.000000" m_d="1.000000" m_tx="84.759361" m_ty="-1.871658"/>
  </frame>
  <frame idx="125" w="240" h="135" x="12.973259" y="-10.500000">
   <element name="character_wormwood" layername="character_wormwood" frame="0" z_index="8" m_a="1.000000" m_b="0.000000" m_c="0.000000" m_d="1.000000" m_tx="-81.000000" m_ty="-65.000000"/>
   <element name="character_wormwood" layername="character_wormwood" frame="1" z_index="7" m_a="1.000000" m_b="0.000000" m_c="0.000000" m_d="1.000000" m_tx="-30.481283" m_ty="-63.368984"/>
   <element name="character_wortox" layername="character_wortox" frame="0" z_index="6" m_a="1.000000" m_b="0.000000" m_c="0.000000" m_d="1.000000" m_tx="22.192513" m_ty="-64.171120"/>
   <element name="character_wortox" layername="character_wortox" frame="1" z_index="5" m_a="1.000000" m_b="0.000000" m_c="0.000000" m_d="1.000000" m_tx="76.737968" m_ty="-63.636364"/>
   <element name="character_wurt" layername="character_wurt" frame="0" z_index="4" m_a="1.000000" m_b="0.000000" m_c="0.000000" m_d="1.000000" m_tx="-30.481283" m_ty="0.534759"/>
   <element name="character_wurt" layername="character_wurt" frame="1" z_index="3" m_a="1.000000" m_b="0.000000" m_c="0.000000" m_d="1.000000" m_tx="-85.026741" m_ty="-2.673797"/>
   <element name="character_walter" layername="character_walter" frame="0" z_index="2" m_a="1.000000" m_b="0.000000" m_c="0.000000" m_d="1.000000" m_tx="25.935829" m_ty="-0.534759"/>
   <element name="character_walter" layername="character_walter" frame="1" z_index="1" m_a="1.000000" m_b="0.000000" m_c="0.000000" m_d="1.000000" m_tx="84.759361" m_ty="-1.871658"/>
  </frame>
  <frame idx="150" w="240" h="135" x="12.973259" y="-10.500000">
   <element name="character_wormwood" layername="character_wormwood" frame="0" z_index="8" m_a="1.000000" m_b="0.000000" m_c="0.000000" m_d="1.000000" m_tx="-81.000000" m_ty="-65.000000"/>
   <element name="character_wormwood" layername="character_wormwood" frame="1" z_index="7" m_a="1.000000" m_b="0.000000" m_c="0.000000" m_d="1.000000" m_tx="-30.481283" m_ty="-63.368984"/>
   <element name="character_wortox" layername="character_wortox" frame="0" z_index="6" m_a="1.000000" m_b="0.000000" m_c="0.000000" m_d="1.000000" m_tx="22.192513" m_ty="-64.171120"/>
   <element name="character_wortox" layername="character_wortox" frame="1" z_index="5" m_a="1.000000" m_b="0.000000" m_c="0.000000" m_d="1.000000" m_tx="76.737968" m_ty="-63.636364"/>
   <element name="character_wurt" layername="character_wurt" frame="0" z_index="4" m_a="1.000000" m_b="0.000000" m_c="0.000000" m_d="1.000000" m_tx="-30.481283" m_ty="0.534759"/>
   <element name="character_wurt" layername="character_wurt" frame="1" z_index="3" m_a="1.000000" m_b="0.000000" m_c="0.000000" m_d="1.000000" m_tx="-85.026741" m_ty="-2.673797"/>
   <element name="character_walter" layername="character_walter" frame="0" z_index="2" m_a="1.000000" m_b="0.000000" m_c="0.000000" m_d="1.000000" m_tx="25.935829" m_ty="-0.534759"/>
   <element name="character_walter" layername="character_walter" frame="1" z_index="1" m_a="1.000000" m_b="0.000000" m_c="0.000000" m_d="1.000000" m_tx="84.759361" m_ty="-1.871658"/>
  </frame>
  <frame idx="175" w="240" h="135" x="12.973259" y="-10.500000">
   <element name="character_wormwood" layername="character_wormwood" frame="0" z_index="8" m_a="1.000000" m_b="0.000000" m_c="0.000000" m_d="1.000000" m_tx="-81.000000" m_ty="-65.000000"/>
   <element name="character_wormwood" layername="character_wormwood" frame="1" z_index="7" m_a="1.000000" m_b="0.000000" m_c="0.000000" m_d="1.000000" m_tx="-30.481283" m_ty="-63.368984"/>
   <element name="character_wortox" layername="character_wortox" frame="0" z_index="6" m_a="1.000000" m_b="0.000000" m_c="0.000000" m_d="1.000000" m_tx="22.192513" m_ty="-64.171120"/>
   <element name="character_wortox" layername="character_wortox" frame="1" z_index="5" m_a="1.000000" m_b="0.000000" m_c="0.000000" m_d="1.000000" m_tx="76.737968" m_ty="-63.636364"/>
   <element name="character_wurt" layername="character_wurt" frame="0" z_index="4" m_a="1.000000" m_b="0.000000" m_c="0.000000" m_d="1.000000" m_tx="-30.481283" m_ty="0.534759"/>
   <element name="character_wurt" layername="character_wurt" frame="1" z_index="3" m_a="1.000000" m_b="0.000000" m_c="0.000000" m_d="1.000000" m_tx="-85.026741" m_ty="-2.673797"/>
   <element name="character_walter" layername="character_walter" frame="0" z_index="2" m_a="1.000000" m_b="0.000000" m_c="0.000000" m_d="1.000000" m_tx="25.935829" m_ty="-0.534759"/>
   <element name="character_walter" layername="character_walter" frame="1" z_index="1" m_a="1.000000" m_b="0.000000" m_c="0.000000" m_d="1.000000" m_tx="84.759361" m_ty="-1.871658"/>
  </frame>
  <frame idx="200" w="240" h="135" x="12.973259" y="-10.500000">
   <element name="character_wormwood" layername="character_wormwood" frame="0" z_index="8" m_a="1.000000" m_b="0.000000" m_c="0.000000" m_d="1.000000" m_tx="-81.000000" m_ty="-65.000000"/>
   <element name="character_wormwood" layername="character_wormwood" frame="1" z_index="7" m_a="1.000000" m_b="0.000000" m_c="0.000000" m_d="1.000000" m_tx="-30.481283" m_ty="-63.368984"/>
   <element name="character_wortox" layername="character_wortox" frame="0" z_index="6" m_a="1.000000" m_b="0.000000" m_c="0.000000" m_d="1.000000" m_tx="22.192513" m_ty="-64.171120"/>
   <element name="character_wortox" layername="character_wortox" frame="1" z_index="5" m_a="1.000000" m_b="0.000000" m_c="0.000000" m_d="1.000000" m_tx="76.737968" m_ty="-63.636364"/>
   <element name="character_wurt" layername="character_wurt" frame="0" z_index="4" m_a="1.000000" m_b="0.000000" m_c="0.000000" m_d="1.000000" m_tx="-30.481283" m_ty="0.534759"/>
   <element name="character_wurt" layername="character_wurt" frame="1" z_index="3" m_a="1.000000" m_b="0.000000" m_c="0.000000" m_d="1.000000" m_tx="-85.026741" m_ty="-2.673797"/>
   <element name="character_walter" layername="character_walter" frame="0" z_index="2" m_a="1.000000" m_b="0.000000" m_c="0.000000" m_d="1.000000" m_tx="25.935829" m_ty="-0.534759"/>
   <element name="character_walter" layername="character_walter" frame="1" z_index="1" m_a="1.000000" m_b="0.000000" m_c="0.000000" m_d="1.000000" m_tx="84.759361" m_ty="-1.871658"/>
  </frame>
  <frame idx="225" w="240" h="135" x="12.973259" y="-10.500000">
   <element name="character_wormwood" layername="character_wormwood" frame="0" z_index="8" m_a="1.000000" m_b="0.000000" m_c="0.000000" m_d="1.000000" m_tx="-81.000000" m_ty="-65.000000"/>
   <element name="character_wormwood" layername="character_wormwood" frame="1" z_index="7" m_a="1.000000" m_b="0.000000" m_c="0.000000" m_d="1.000000" m_tx="-30.481283" m_ty="-63.368984"/>
   <element name="character_wortox" layername="character_wortox" frame="0" z_index="6" m_a="1.000000" m_b="0.000000" m_c="0.000000" m_d="1.000000" m_tx="22.192513" m_ty="-64.171120"/>
   <element name="character_wortox" layername="character_wortox" frame="1" z_index="5" m_a="1.000000" m_b="0.000000" m_c="0.000000" m_d="1.000000" m_tx="76.737968" m_ty="-63.636364"/>
   <element name="character_wurt" layername="character_wurt" frame="0" z_index="4" m_a="1.000000" m_b="0.000000" m_c="0.000000" m_d="1.000000" m_tx="-30.481283" m_ty="0.534759"/>
   <element name="character_wurt" layername="character_wurt" frame="1" z_index="3" m_a="1.000000" m_b="0.000000" m_c="0.000000" m_d="1.000000" m_tx="-85.026741" m_ty="-2.673797"/>
   <element name="character_walter" layername="character_walter" frame="0" z_index="2" m_a="1.000000" m_b="0.000000" m_c="0.000000" m_d="1.000000" m_tx="25.935829" m_ty="-0.534759"/>
   <element name="character_walter" layername="character_walter" frame="1" z_index="1" m_a="1.000000" m_b="0.000000" m_c="0.000000" m_d="1.000000" m_tx="84.759361" m_ty="-1.871658"/>
  </frame>
  <frame idx="250" w="240" h="135" x="12.973259" y="-10.500000">
   <element name="character_wormwood" layername="character_wormwood" frame="0" z_index="8" m_a="1.000000" m_b="0.000000" m_c="0.000000" m_d="1.000000" m_tx="-81.000000" m_ty="-65.000000"/>
   <element name="character_wormwood" layername="character_wormwood" frame="1" z_index="7" m_a="1.000000" m_b="0.000000" m_c="0.000000" m_d="1.000000" m_tx="-30.481283" m_ty="-63.368984"/>
   <element name="character_wortox" layername="character_wortox" frame="0" z_index="6" m_a="1.000000" m_b="0.000000" m_c="0.000000" m_d="1.000000" m_tx="22.192513" m_ty="-64.171120"/>
   <element name="character_wortox" layername="character_wortox" frame="1" z_index="5" m_a="1.000000" m_b="0.000000" m_c="0.000000" m_d="1.000000" m_tx="76.737968" m_ty="-63.636364"/>
   <element name="character_wurt" layername="character_wurt" frame="0" z_index="4" m_a="1.000000" m_b="0.000000" m_c="0.000000" m_d="1.000000" m_tx="-30.481283" m_ty="0.534759"/>
   <element name="character_wurt" layername="character_wurt" frame="1" z_index="3" m_a="1.000000" m_b="0.000000" m_c="0.000000" m_d="1.000000" m_tx="-85.026741" m_ty="-2.673797"/>
   <element name="character_walter" layername="character_walter" frame="0" z_index="2" m_a="1.000000" m_b="0.000000" m_c="0.000000" m_d="1.000000" m_tx="25.935829" m_ty="-0.534759"/>
   <element name="character_walter" layername="character_walter" frame="1" z_index="1" m_a="1.000000" m_b="0.000000" m_c="0.000000" m_d="1.000000" m_tx="84.759361" m_ty="-1.871658"/>
  </frame>
  <frame idx="275" w="240" h="135" x="12.973259" y="-10.500000">
   <element name="character_wormwood" layername="character_wormwood" frame="0" z_index="8" m_a="1.000000" m_b="0.000000" m_c="0.000000" m_d="1.000000" m_tx="-81.000000" m_ty="-65.000000"/>
   <element name="character_wormwood" layername="character_wormwood" frame="1" z_index="7" m_a="1.000000" m_b="0.000000" m_c="0.000000" m_d="1.000000" m_tx="-30.481283" m_ty="-63.368984"/>
   <element name="character_wortox" layername="character_wortox" frame="0" z_index="6" m_a="1.000000" m_b="0.000000" m_c="0.000000" m_d="1.000000" m_tx="22.192513" m_ty="-64.171120"/>
   <element name="character_wortox" layername="character_wortox" frame="1" z_index="5" m_a="1.000000" m_b="0.000000" m_c="0.000000" m_d="1.000000" m_tx="76.737968" m_ty="-63.636364"/>
   <element name="character_wurt" layername="character_wurt" frame="0" z_index="4" m_a="1.000000" m_b="0.000000" m_c="0.000000" m_d="1.000000" m_tx="-30.481283" m_ty="0.534759"/>
   <element name="character_wurt" layername="character_wurt" frame="1" z_index="3" m_a="1.000000" m_b="0.000000" m_c="0.000000" m_d="1.000000" m_tx="-85.026741" m_ty="-2.673797"/>
   <element name="character_walter" layername="character_walter" frame="0" z_index="2" m_a="1.000000" m_b="0.000000" m_c="0.000000" m_d="1.000000" m_tx="25.935829" m_ty="-0.534759"/>
   <element name="character_walter" layername="character_walter" frame="1" z_index="1" m_a="1.000000" m_b="0.000000" m_c="0.000000" m_d="1.000000" m_tx="84.759361" m_ty="-1.871658"/>
  </frame>
  <frame idx="300" w="240" h="135" x="12.973259" y="-10.500000">
   <element name="character_wormwood" layername="character_wormwood" frame="0" z_index="8" m_a="1.000000" m_b="0.000000" m_c="0.000000" m_d="1.000000" m_tx="-81.000000" m_ty="-65.000000"/>
   <element name="character_wormwood" layername="character_wormwood" frame="1" z_index="7" m_a="1.000000" m_b="0.000000" m_c="0.000000" m_d="1.000000" m_tx="-30.481283" m_ty="-63.368984"/>
   <element name="character_wortox" layername="character_wortox" frame="0" z_index="6" m_a="1.000000" m_b="0.000000" m_c="0.000000" m_d="1.000000" m_tx="22.192513" m_ty="-64.171120"/>
   <element name="character_wortox" layername="character_wortox" frame="1" z_index="5" m_a="1.000000" m_b="0.000000" m_c="0.000000" m_d="1.000000" m_tx="76.737968" m_ty="-63.636364"/>
   <element name="character_wurt" layername="character_wurt" frame="0" z_index="4" m_a="1.000000" m_b="0.000000" m_c="0.000000" m_d="1.000000" m_tx="-30.481283" m_ty="0.534759"/>
   <element name="character_wurt" layername="character_wurt" frame="1" z_index="3" m_a="1.000000" m_b="0.000000" m_c="0.000000" m_d="1.000000" m_tx="-85.026741" m_ty="-2.673797"/>
   <element name="character_walter" layername="character_walter" frame="0" z_index="2" m_a="1.000000" m_b="0.000000" m_c="0.000000" m_d="1.000000" m_tx="25.935829" m_ty="-0.534759"/>
   <element name="character_walter" layername="character_walter" frame="1" z_index="1" m_a="1.000000" m_b="0.000000" m_c="0.000000" m_d="1.000000" m_tx="84.759361" m_ty="-1.871658"/>
  </frame>
  <frame idx="325" w="240" h="135" x="12.973259" y="-10.500000">
   <element name="character_wormwood" layername="character_wormwood" frame="0" z_index="8" m_a="1.000000" m_b="0.000000" m_c="0.000000" m_d="1.000000" m_tx="-81.000000" m_ty="-65.000000"/>
   <element name="character_wormwood" layername="character_wormwood" frame="1" z_index="7" m_a="1.000000" m_b="0.000000" m_c="0.000000" m_d="1.000000" m_tx="-30.481283" m_ty="-63.368984"/>
   <element name="character_wortox" layername="character_wortox" frame="0" z_index="6" m_a="1.000000" m_b="0.000000" m_c="0.000000" m_d="1.000000" m_tx="22.192513" m_ty="-64.171120"/>
   <element name="character_wortox" layername="character_wortox" frame="1" z_index="5" m_a="1.000000" m_b="0.000000" m_c="0.000000" m_d="1.000000" m_tx="76.737968" m_ty="-63.636364"/>
   <element name="character_wurt" layername="character_wurt" frame="0" z_index="4" m_a="1.000000" m_b="0.000000" m_c="0.000000" m_d="1.000000" m_tx="-30.481283" m_ty="0.534759"/>
   <element name="character_wurt" layername="character_wurt" frame="1" z_index="3" m_a="1.000000" m_b="0.000000" m_c="0.000000" m_d="1.000000" m_tx="-85.026741" m_ty="-2.673797"/>
   <element name="character_walter" layername="character_walter" frame="0" z_index="2" m_a="1.000000" m_b="0.000000" m_c="0.000000" m_d="1.000000" m_tx="25.935829" m_ty="-0.534759"/>
   <element name="character_walter" layername="character_walter" frame="1" z_index="1" m_a="1.000000" m_b="0.000000" m_c="0.000000" m_d="1.000000" m_tx="84.759361" m_ty="-1.871658"/>
  </frame>
  <frame idx="350" w="240" h="135" x="12.973259" y="-10.500000">
   <element name="character_wormwood" layername="character_wormwood" frame="0" z_index="8" m_a="1.000000" m_b="0.000000" m_c="0.000000" m_d="1.000000" m_tx="-81.000000" m_ty="-65.000000"/>
   <element name="character_wormwood" layername="character_wormwood" frame="1" z_index="7" m_a="1.000000" m_b="0.000000" m_c="0.000000" m_d="1.000000" m_tx="-30.481283" m_ty="-63.368984"/>
   <element name="character_wortox" layername="character_wortox" frame="0" z_index="6" m_a="1.000000" m_b="0.000000" m_c="0.000000" m_d="1.000000" m_tx="22.192513" m_ty="-64.171120"/>
   <element name="character_wortox" layername="character_wortox" frame="1" z_index="5" m_a="1.000000" m_b="0.000000" m_c="0.000000" m_d="1.000000" m_tx="76.737968" m_ty="-63.636364"/>
   <element name="character_wurt" layername="character_wurt" frame="0" z_index="4" m_a="1.000000" m_b="0.000000" m_c="0.000000" m_d="1.000000" m_tx="-30.481283" m_ty="0.534759"/>
   <element name="character_wurt" layername="character_wurt" frame="1" z_index="3" m_a="1.000000" m_b="0.000000" m_c="0.000000" m_d="1.000000" m_tx="-85.026741" m_ty="-2.673797"/>
   <element name="character_walter" layername="character_walter" frame="0" z_index="2" m_a="1.000000" m_b="0.000000" m_c="0.000000" m_d="1.000000" m_tx="25.935829" m_ty="-0.534759"/>
   <element name="character_walter" layername="character_walter" frame="1" z_index="1" m_a="1.000000" m_b="0.000000" m_c="0.000000" m_d="1.000000" m_tx="84.759361" m_ty="-1.871658"/>
  </frame>
  <frame idx="375" w="240" h="135" x="12.973259" y="-10.500000">
   <element name="character_wormwood" layername="character_wormwood" frame="0" z_index="8" m_a="1.000000" m_b="0.000000" m_c="0.000000" m_d="1.000000" m_tx="-81.000000" m_ty="-65.000000"/>
   <element name="character_wormwood" layername="character_wormwood" frame="1" z_index="7" m_a="1.000000" m_b="0.000000" m_c="0.000000" m_d="1.000000" m_tx="-30.481283" m_ty="-63.368984"/>
   <element name="character_wortox" layername="character_wortox" frame="0" z_index="6" m_a="1.000000" m_b="0.000000" m_c="0.000000" m_d="1.000000" m_tx="22.192513" m_ty="-64.171120"/>
   <element name="character_wortox" layername="character_wortox" frame="1" z_index="5" m_a="1.000000" m_b="0.000000" m_c="0.000000" m_d="1.000000" m_tx="76.737968" m_ty="-63.636364"/>
   <element name="character_wurt" layername="character_wurt" frame="0" z_index="4" m_a="1.000000" m_b="0.000000" m_c="0.000000" m_d="1.000000" m_tx="-30.481283" m_ty="0.534759"/>
   <element name="character_wurt" layername="character_wurt" frame="1" z_index="3" m_a="1.000000" m_b="0.000000" m_c="0.000000" m_d="1.000000" m_tx="-85.026741" m_ty="-2.673797"/>
   <element name="character_walter" layername="character_walter" frame="0" z_index="2" m_a="1.000000" m_b="0.000000" m_c="0.000000" m_d="1.000000" m_tx="25.935829" m_ty="-0.534759"/>
   <element name="character_walter" layername="character_walter" frame="1" z_index="1" m_a="1.000000" m_b="0.000000" m_c="0.000000" m_d="1.000000" m_tx="84.759361" m_ty="-1.871658"/>
  </frame>
  <frame idx="400" w="240" h="135" x="12.973259" y="-10.500000">
   <element name="character_wormwood" layername="character_wormwood" frame="0" z_index="8" m_a="1.000000" m_b="0.000000" m_c="0.000000" m_d="1.000000" m_tx="-81.000000" m_ty="-65.000000"/>
   <element name="character_wormwood" layername="character_wormwood" frame="1" z_index="7" m_a="1.000000" m_b="0.000000" m_c="0.000000" m_d="1.000000" m_tx="-30.481283" m_ty="-63.368984"/>
   <element name="character_wortox" layername="character_wortox" frame="0" z_index="6" m_a="1.000000" m_b="0.000000" m_c="0.000000" m_d="1.000000" m_tx="22.192513" m_ty="-64.171120"/>
   <element name="character_wortox" layername="character_wortox" frame="1" z_index="5" m_a="1.000000" m_b="0.000000" m_c="0.000000" m_d="1.000000" m_tx="76.737968" m_ty="-63.636364"/>
   <element name="character_wurt" layername="character_wurt" frame="0" z_index="4" m_a="1.000000" m_b="0.000000" m_c="0.000000" m_d="1.000000" m_tx="-30.481283" m_ty="0.534759"/>
   <element name="character_wurt" layername="character_wurt" frame="1" z_index="3" m_a="1.000000" m_b="0.000000" m_c="0.000000" m_d="1.000000" m_tx="-85.026741" m_ty="-2.673797"/>
   <element name="character_walter" layername="character_walter" frame="0" z_index="2" m_a="1.000000" m_b="0.000000" m_c="0.000000" m_d="1.000000" m_tx="25.935829" m_ty="-0.534759"/>
   <element name="character_walter" layername="character_walter" frame="1" z_index="1" m_a="1.000000" m_b="0.000000" m_c="0.000000" m_d="1.000000" m_tx="84.759361" m_ty="-1.871658"/>
  </frame>
  <frame idx="425" w="240" h="135" x="12.973259" y="-10.500000">
   <element name="character_wormwood" layername="character_wormwood" frame="0" z_index="8" m_a="1.000000" m_b="0.000000" m_c="0.000000" m_d="1.000000" m_tx="-81.000000" m_ty="-65.000000"/>
   <element name="character_wormwood" layername="character_wormwood" frame="1" z_index="7" m_a="1.000000" m_b="0.000000" m_c="0.000000" m_d="1.000000" m_tx="-30.481283" m_ty="-63.368984"/>
   <element name="character_wortox" layername="character_wortox" frame="0" z_index="6" m_a="1.000000" m_b="0.000000" m_c="0.000000" m_d="1.000000" m_tx="22.192513" m_ty="-64.171120"/>
   <element name="character_wortox" layername="character_wortox" frame="1" z_index="5" m_a="1.000000" m_b="0.000000" m_c="0.000000" m_d="1.000000" m_tx="76.737968" m_ty="-63.636364"/>
   <element name="character_wurt" layername="character_wurt" frame="0" z_index="4" m_a="1.000000" m_b="0.000000" m_c="0.000000" m_d="1.000000" m_tx="-30.481283" m_ty="0.534759"/>
   <element name="character_wurt" layername="character_wurt" frame="1" z_index="3" m_a="1.000000" m_b="0.000000" m_c="0.000000" m_d="1.000000" m_tx="-85.026741" m_ty="-2.673797"/>
   <element name="character_walter" layername="character_walter" frame="0" z_index="2" m_a="1.000000" m_b="0.000000" m_c="0.000000" m_d="1.000000" m_tx="25.935829" m_ty="-0.534759"/>
   <element name="character_walter" layername="character_walter" frame="1" z_index="1" m_a="1.000000" m_b="0.000000" m_c="0.000000" m_d="1.000000" m_tx="84.759361" m_ty="-1.871658"/>
  </frame>
  <frame idx="450" w="240" h="135" x="12.973259" y="-10.500000">
   <element name="character_wormwood" layername="character_wormwood" frame="0" z_index="8" m_a="1.000000" m_b="0.000000" m_c="0.000000" m_d="1.000000" m_tx="-81.000000" m_ty="-65.000000"/>
   <element name="character_wormwood" layername="character_wormwood" frame="1" z_index="7" m_a="1.000000" m_b="0.000000" m_c="0.000000" m_d="1.000000" m_tx="-30.481283" m_ty="-63.368984"/>
   <element name="character_wortox" layername="character_wortox" frame="0" z_index="6" m_a="1.000000" m_b="0.000000" m_c="0.000000" m_d="1.000000" m_tx="22.192513" m_ty="-64.171120"/>
   <element name="character_wortox" layername="character_wortox" frame="1" z_index="5" m_a="1.000000" m_b="0.000000" m_c="0.000000" m_d="1.000000" m_tx="76.737968" m_ty="-63.636364"/>
   <element name="character_wurt" layername="character_wurt" frame="0" z_index="4" m_a="1.000000" m_b="0.000000" m_c="0.000000" m_d="1.000000" m_tx="-30.481283" m_ty="0.534759"/>
   <element name="character_wurt" layername="character_wurt" frame="1" z_index="3" m_a="1.000000" m_b="0.000000" m_c="0.000000" m_d="1.000000" m_tx="-85.026741" m_ty="-2.673797"/>
   <element name="character_walter" layername="character_walter" frame="0" z_index="2" m_a="1.000000" m_b="0.000000" m_c="0.000000" m_d="1.000000" m_tx="25.935829" m_ty="-0.534759"/>
   <element name="character_walter" layername="character_walter" frame="1" z_index="1" m_a="1.000000" m_b="0.000000" m_c="0.000000" m_d="1.000000" m_tx="84.759361" m_ty="-1.871658"/>
  </frame>
  <frame idx="475" w="240" h="135" x="12.973259" y="-10.500000">
   <element name="character_wormwood" layername="character_wormwood" frame="0" z_index="8" m_a="1.000000" m_b="0.000000" m_c="0.000000" m_d="1.000000" m_tx="-81.000000" m_ty="-65.000000"/>
   <element name="character_wormwood" layername="character_wormwood" frame="1" z_index="7" m_a="1.000000" m_b="0.000000" m_c="0.000000" m_d="1.000000" m_tx="-30.481283" m_ty="-63.368984"/>
   <element name="character_wortox" layername="character_wortox" frame="0" z_index="6" m_a="1.000000" m_b="0.000000" m_c="0.000000" m_d="1.000000" m_tx="22.192513" m_ty="-64.171120"/>
   <element name="character_wortox" layername="character_wortox" frame="1" z_index="5" m_a="1.000000" m_b="0.000000" m_c="0.000000" m_d="1.000000" m_tx="76.737968" m_ty="-63.636364"/>
   <element name="character_wurt" layername="character_wurt" frame="0" z_index="4" m_a="1.000000" m_b="0.000000" m_c="0.000000" m_d="1.000000" m_tx="-30.481283" m_ty="0.534759"/>
   <element name="character_wurt" layername="character_wurt" frame="1" z_index="3" m_a="1.000000" m_b="0.000000" m_c="0.000000" m_d="1.000000" m_tx="-85.026741" m_ty="-2.673797"/>
   <element name="character_walter" layername="character_walter" frame="0" z_index="2" m_a="1.000000" m_b="0.000000" m_c="0.000000" m_d="1.000000" m_tx="25.935829" m_ty="-0.534759"/>
   <element name="character_walter" layername="character_walter" frame="1" z_index="1" m_a="1.000000" m_b="0.000000" m_c="0.000000" m_d="1.000000" m_tx="84.759361" m_ty="-1.871658"/>
  </frame>
  <frame idx="500" w="240" h="135" x="12.973259" y="-10.500000">
   <element name="character_wormwood" layername="character_wormwood" frame="0" z_index="8" m_a="1.000000" m_b="0.000000" m_c="0.000000" m_d="1.000000" m_tx="-81.000000" m_ty="-65.000000"/>
   <element name="character_wormwood" layername="character_wormwood" frame="1" z_index="7" m_a="1.000000" m_b="0.000000" m_c="0.000000" m_d="1.000000" m_tx="-30.481283" m_ty="-63.368984"/>
   <element name="character_wortox" layername="character_wortox" frame="0" z_index="6" m_a="1.000000" m_b="0.000000" m_c="0.000000" m_d="1.000000" m_tx="22.192513" m_ty="-64.171120"/>
   <element name="character_wortox" layername="character_wortox" frame="1" z_index="5" m_a="1.000000" m_b="0.000000" m_c="0.000000" m_d="1.000000" m_tx="76.737968" m_ty="-63.636364"/>
   <element name="character_wurt" layername="character_wurt" frame="0" z_index="4" m_a="1.000000" m_b="0.000000" m_c="0.000000" m_d="1.000000" m_tx="-30.481283" m_ty="0.534759"/>
   <element name="character_wurt" layername="character_wurt" frame="1" z_index="3" m_a="1.000000" m_b="0.000000" m_c="0.000000" m_d="1.000000" m_tx="-85.026741" m_ty="-2.673797"/>
   <element name="character_walter" layername="character_walter" frame="0" z_index="2" m_a="1.000000" m_b="0.000000" m_c="0.000000" m_d="1.000000" m_tx="25.935829" m_ty="-0.534759"/>
   <element name="character_walter" layername="character_walter" frame="1" z_index="1" m_a="1.000000" m_b="0.000000" m_c="0.000000" m_d="1.000000" m_tx="84.759361" m_ty="-1.871658"/>
  </frame>
  <frame idx="525" w="240" h="135" x="12.973259" y="-10.500000">
   <element name="character_wormwood" layername="character_wormwood" frame="0" z_index="8" m_a="1.000000" m_b="0.000000" m_c="0.000000" m_d="1.000000" m_tx="-81.000000" m_ty="-65.000000"/>
   <element name="character_wormwood" layername="character_wormwood" frame="1" z_index="7" m_a="1.000000" m_b="0.000000" m_c="0.000000" m_d="1.000000" m_tx="-30.481283" m_ty="-63.368984"/>
   <element name="character_wortox" layername="character_wortox" frame="0" z_index="6" m_a="1.000000" m_b="0.000000" m_c="0.000000" m_d="1.000000" m_tx="22.192513" m_ty="-64.171120"/>
   <element name="character_wortox" layername="character_wortox" frame="1" z_index="5" m_a="1.000000" m_b="0.000000" m_c="0.000000" m_d="1.000000" m_tx="76.737968" m_ty="-63.636364"/>
   <element name="character_wurt" layername="character_wurt" frame="0" z_index="4" m_a="1.000000" m_b="0.000000" m_c="0.000000" m_d="1.000000" m_tx="-30.481283" m_ty="0.534759"/>
   <element name="character_wurt" layername="character_wurt" frame="1" z_index="3" m_a="1.000000" m_b="0.000000" m_c="0.000000" m_d="1.000000" m_tx="-85.026741" m_ty="-2.673797"/>
   <element name="character_walter" layername="character_walter" frame="0" z_index="2" m_a="1.000000" m_b="0.000000" m_c="0.000000" m_d="1.000000" m_tx="25.935829" m_ty="-0.534759"/>
   <element name="character_walter" layername="character_walter" frame="1" z_index="1" m_a="1.000000" m_b="0.000000" m_c="0.000000" m_d="1.000000" m_tx="84.759361" m_ty="-1.871658"/>
  </frame>
  <frame idx="550" w="240" h="135" x="12.973259" y="-10.500000">
   <element name="character_wormwood" layername="character_wormwood" frame="0" z_index="8" m_a="1.000000" m_b="0.000000" m_c="0.000000" m_d="1.000000" m_tx="-81.000000" m_ty="-65.000000"/>
   <element name="character_wormwood" layername="character_wormwood" frame="1" z_index="7" m_a="1.000000" m_b="0.000000" m_c="0.000000" m_d="1.000000" m_tx="-30.481283" m_ty="-63.368984"/>
   <element name="character_wortox" layername="character_wortox" frame="0" z_index="6" m_a="1.000000" m_b="0.000000" m_c="0.000000" m_d="1.000000" m_tx="22.192513" m_ty="-64.171120"/>
   <element name="character_wortox" layername="character_wortox" frame="1" z_index="5" m_a="1.000000" m_b="0.000000" m_c="0.000000" m_d="1.000000" m_tx="76.737968" m_ty="-63.636364"/>
   <element name="character_wurt" layername="character_wurt" frame="0" z_index="4" m_a="1.000000" m_b="0.000000" m_c="0.000000" m_d="1.000000" m_tx="-30.481283" m_ty="0.534759"/>
   <element name="character_wurt" layername="character_wurt" frame="1" z_index="3" m_a="1.000000" m_b="0.000000" m_c="0.000000" m_d="1.000000" m_tx="-85.026741" m_ty="-2.673797"/>
   <element name="character_walter" layername="character_walter" frame="0" z_index="2" m_a="1.000000" m_b="0.000000" m_c="0.000000" m_d="1.000000" m_tx="25.935829" m_ty="-0.534759"/>
   <element name="character_walter" layername="character_walter" frame="1" z_index="1" m_a="1.000000" m_b="0.000000" m_c="0.000000" m_d="1.000000" m_tx="84.759361" m_ty="-1.871658"/>
  </frame>
  <frame idx="575" w="240" h="135" x="12.973259" y="-10.500000">
   <element name="character_wormwood" layername="character_wormwood" frame="0" z_index="8" m_a="1.000000" m_b="0.000000" m_c="0.000000" m_d="1.000000" m_tx="-81.000000" m_ty="-65.000000"/>
   <element name="character_wormwood" layername="character_wormwood" frame="1" z_index="7" m_a="1.000000" m_b="0.000000" m_c="0.000000" m_d="1.000000" m_tx="-30.481283" m_ty="-63.368984"/>
   <element name="character_wortox" layername="character_wortox" frame="0" z_index="6" m_a="1.000000" m_b="0.000000" m_c="0.000000" m_d="1.000000" m_tx="22.192513" m_ty="-64.171120"/>
   <element name="character_wortox" layername="character_wortox" frame="1" z_index="5" m_a="1.000000" m_b="0.000000" m_c="0.000000" m_d="1.000000" m_tx="76.737968" m_ty="-63.636364"/>
   <element name="character_wurt" layername="character_wurt" frame="0" z_index="4" m_a="1.000000" m_b="0.000000" m_c="0.000000" m_d="1.000000" m_tx="-30.481283" m_ty="0.534759"/>
   <element name="character_wurt" layername="character_wurt" frame="1" z_index="3" m_a="1.000000" m_b="0.000000" m_c="0.000000" m_d="1.000000" m_tx="-85.026741" m_ty="-2.673797"/>
   <element name="character_walter" layername="character_walter" frame="0" z_index="2" m_a="1.000000" m_b="0.000000" m_c="0.000000" m_d="1.000000" m_tx="25.935829" m_ty="-0.534759"/>
   <element name="character_walter" layername="character_walter" frame="1" z_index="1" m_a="1.000000" m_b="0.000000" m_c="0.000000" m_d="1.000000" m_tx="84.759361" m_ty="-1.871658"/>
  </frame>
  <frame idx="600" w="240" h="135" x="12.973259" y="-10.500000">
   <element name="character_wormwood" layername="character_wormwood" frame="0" z_index="8" m_a="1.000000" m_b="0.000000" m_c="0.000000" m_d="1.000000" m_tx="-81.000000" m_ty="-65.000000"/>
   <element name="character_wormwood" layername="character_wormwood" frame="1" z_index="7" m_a="1.000000" m_b="0.000000" m_c="0.000000" m_d="1.000000" m_tx="-30.481283" m_ty="-63.368984"/>
   <element name="character_wortox" layername="character_wortox" frame="0" z_index="6" m_a="1.000000" m_b="0.000000" m_c="0.000000" m_d="1.000000" m_tx="22.192513" m_ty="-64.171120"/>
   <element name="character_wortox" layername="character_wortox" frame="1" z_index="5" m_a="1.000000" m_b="0.000000" m_c="0.000000" m_d="1.000000" m_tx="76.737968" m_ty="-63.636364"/>
   <element name="character_wurt" layername="character_wurt" frame="0" z_index="4" m_a="1.000000" m_b="0.000000" m_c="0.000000" m_d="1.000000" m_tx="-30.481283" m_ty="0.534759"/>
   <element name="character_wurt" layername="character_wurt" frame="1" z_index="3" m_a="1.000000" m_b="0.000000" m_c="0.000000" m_d="1.000000" m_tx="-85.026741" m_ty="-2.673797"/>
   <element name="character_walter" layername="character_walter" frame="0" z_index="2" m_a="1.000000" m_b="0.000000" m_c="0.000000" m_d="1.000000" m_tx="25.935829" m_ty="-0.534759"/>
   <element name="character_walter" layername="character_walter" frame="1" z_index="1" m_a="1.000000" m_b="0.000000" m_c="0.000000" m_d="1.000000" m_tx="84.759361" m_ty="-1.871658"/>
  </frame>
  <frame idx="625" w="240" h="135" x="12.973259" y="-10.500000">
   <element name="character_wormwood" layername="character_wormwood" frame="0" z_index="8" m_a="1.000000" m_b="0.000000" m_c="0.000000" m_d="1.000000" m_tx="-81.000000" m_ty="-65.000000"/>
   <element name="character_wormwood" layername="character_wormwood" frame="1" z_index="7" m_a="1.000000" m_b="0.000000" m_c="0.000000" m_d="1.000000" m_tx="-30.481283" m_ty="-63.368984"/>
   <element name="character_wortox" layername="character_wortox" frame="0" z_index="6" m_a="1.000000" m_b="0.000000" m_c="0.000000" m_d="1.000000" m_tx="22.192513" m_ty="-64.171120"/>
   <element name="character_wortox" layername="character_wortox" frame="1" z_index="5" m_a="1.000000" m_b="0.000000" m_c="0.000000" m_d="1.000000" m_tx="76.737968" m_ty="-63.636364"/>
   <element name="character_wurt" layername="character_wurt" frame="0" z_index="4" m_a="1.000000" m_b="0.000000" m_c="0.000000" m_d="1.000000" m_tx="-30.481283" m_ty="0.534759"/>
   <element name="character_wurt" layername="character_wurt" frame="1" z_index="3" m_a="1.000000" m_b="0.000000" m_c="0.000000" m_d="1.000000" m_tx="-85.026741" m_ty="-2.673797"/>
   <element name="character_walter" layername="character_walter" frame="0" z_index="2" m_a="1.000000" m_b="0.000000" m_c="0.000000" m_d="1.000000" m_tx="25.935829" m_ty="-0.534759"/>
   <element name="character_walter" layername="character_walter" frame="1" z_index="1" m_a="1.000000" m_b="0.000000" m_c="0.000000" m_d="1.000000" m_tx="84.759361" m_ty="-1.871658"/>
  </frame>
  <frame idx="650" w="240" h="135" x="12.973259" y="-10.500000">
   <element name="character_wormwood" layername="character_wormwood" frame="0" z_index="8" m_a="1.000000" m_b="0.000000" m_c="0.000000" m_d="1.000000" m_tx="-81.000000" m_ty="-65.000000"/>
   <element name="character_wormwood" layername="character_wormwood" frame="1" z_index="7" m_a="1.000000" m_b="0.000000" m_c="0.000000" m_d="1.000000" m_tx="-30.481283" m_ty="-63.368984"/>
   <element name="character_wortox" layername="character_wortox" frame="0" z_index="6" m_a="1.000000" m_b="0.000000" m_c="0.000000" m_d="1.000000" m_tx="22.192513" m_ty="-64.171120"/>
   <element name="character_wortox" layername="character_wortox" frame="1" z_index="5" m_a="1.000000" m_b="0.000000" m_c="0.000000" m_d="1.000000" m_tx="76.737968" m_ty="-63.636364"/>
   <element name="character_wurt" layername="character_wurt" frame="0" z_index="4" m_a="1.000000" m_b="0.000000" m_c="0.000000" m_d="1.000000" m_tx="-30.481283" m_ty="0.534759"/>
   <element name="character_wurt" layername="character_wurt" frame="1" z_index="3" m_a="1.000000" m_b="0.000000" m_c="0.000000" m_d="1.000000" m_tx="-85.026741" m_ty="-2.673797"/>
   <element name="character_walter" layername="character_walter" frame="0" z_index="2" m_a="1.000000" m_b="0.000000" m_c="0.000000" m_d="1.000000" m_tx="25.935829" m_ty="-0.534759"/>
   <element name="character_walter" layername="character_walter" frame="1" z_index="1" m_a="1.000000" m_b="0.000000" m_c="0.000000" m_d="1.000000" m_tx="84.759361" m_ty="-1.871658"/>
  </frame>
  <frame idx="675" w="240" h="135" x="12.973259" y="-10.500000">
   <element name="character_wormwood" layername="character_wormwood" frame="0" z_index="8" m_a="1.000000" m_b="0.000000" m_c="0.000000" m_d="1.000000" m_tx="-81.000000" m_ty="-65.000000"/>
   <element name="character_wormwood" layername="character_wormwood" frame="1" z_index="7" m_a="1.000000" m_b="0.000000" m_c="0.000000" m_d="1.000000" m_tx="-30.481283" m_ty="-63.368984"/>
   <element name="character_wortox" layername="character_wortox" frame="0" z_index="6" m_a="1.000000" m_b="0.000000" m_c="0.000000" m_d="1.000000" m_tx="22.192513" m_ty="-64.171120"/>
   <element name="character_wortox" layername="character_wortox" frame="1" z_index="5" m_a="1.000000" m_b="0.000000" m_c="0.000000" m_d="1.000000" m_tx="76.737968" m_ty="-63.636364"/>
   <element name="character_wurt" layername="character_wurt" frame="0" z_index="4" m_a="1.000000" m_b="0.000000" m_c="0.000000" m_d="1.000000" m_tx="-30.481283" m_ty="0.534759"/>
   <element name="character_wurt" layername="character_wurt" frame="1" z_index="3" m_a="1.000000" m_b="0.000000" m_c="0.000000" m_d="1.000000" m_tx="-85.026741" m_ty="-2.673797"/>
   <element name="character_walter" layername="character_walter" frame="0" z_index="2" m_a="1.000000" m_b="0.000000" m_c="0.000000" m_d="1.000000" m_tx="25.935829" m_ty="-0.534759"/>
   <element name="character_walter" layername="character_walter" frame="1" z_index="1" m_a="1.000000" m_b="0.000000" m_c="0.000000" m_d="1.000000" m_tx="84.759361" m_ty="-1.871658"/>
  </frame>
  <frame idx="700" w="240" h="135" x="12.973259" y="-10.500000">
   <element name="character_wormwood" layername="character_wormwood" frame="0" z_index="8" m_a="1.000000" m_b="0.000000" m_c="0.000000" m_d="1.000000" m_tx="-81.000000" m_ty="-65.000000"/>
   <element name="character_wormwood" layername="character_wormwood" frame="1" z_index="7" m_a="1.000000" m_b="0.000000" m_c="0.000000" m_d="1.000000" m_tx="-30.481283" m_ty="-63.368984"/>
   <element name="character_wortox" layername="character_wortox" frame="0" z_index="6" m_a="1.000000" m_b="0.000000" m_c="0.000000" m_d="1.000000" m_tx="22.192513" m_ty="-64.171120"/>
   <element name="character_wortox" layername="character_wortox" frame="1" z_index="5" m_a="1.000000" m_b="0.000000" m_c="0.000000" m_d="1.000000" m_tx="76.737968" m_ty="-63.636364"/>
   <element name="character_wurt" layername="character_wurt" frame="0" z_index="4" m_a="1.000000" m_b="0.000000" m_c="0.000000" m_d="1.000000" m_tx="-30.481283" m_ty="0.534759"/>
   <element name="character_wurt" layername="character_wurt" frame="1" z_index="3" m_a="1.000000" m_b="0.000000" m_c="0.000000" m_d="1.000000" m_tx="-85.026741" m_ty="-2.673797"/>
   <element name="character_walter" layername="character_walter" frame="0" z_index="2" m_a="1.000000" m_b="0.000000" m_c="0.000000" m_d="1.000000" m_tx="25.935829" m_ty="-0.534759"/>
   <element name="character_walter" layername="character_walter" frame="1" z_index="1" m_a="1.000000" m_b="0.000000" m_c="0.000000" m_d="1.000000" m_tx="84.759361" m_ty="-1.871658"/>
  </frame>
  <frame idx="725" w="240" h="135" x="12.973259" y="-10.500000">
   <element name="character_wormwood" layername="character_wormwood" frame="0" z_index="8" m_a="1.000000" m_b="0.000000" m_c="0.000000" m_d="1.000000" m_tx="-81.000000" m_ty="-65.000000"/>
   <element name="character_wormwood" layername="character_wormwood" frame="1" z_index="7" m_a="1.000000" m_b="0.000000" m_c="0.000000" m_d="1.000000" m_tx="-30.481283" m_ty="-63.368984"/>
   <element name="character_wortox" layername="character_wortox" frame="0" z_index="6" m_a="1.000000" m_b="0.000000" m_c="0.000000" m_d="1.000000" m_tx="22.192513" m_ty="-64.171120"/>
   <element name="character_wortox" layername="character_wortox" frame="1" z_index="5" m_a="1.000000" m_b="0.000000" m_c="0.000000" m_d="1.000000" m_tx="76.737968" m_ty="-63.636364"/>
   <element name="character_wurt" layername="character_wurt" frame="0" z_index="4" m_a="1.000000" m_b="0.000000" m_c="0.000000" m_d="1.000000" m_tx="-30.481283" m_ty="0.534759"/>
   <element name="character_wurt" layername="character_wurt" frame="1" z_index="3" m_a="1.000000" m_b="0.000000" m_c="0.000000" m_d="1.000000" m_tx="-85.026741" m_ty="-2.673797"/>
   <element name="character_walter" layername="character_walter" frame="0" z_index="2" m_a="1.000000" m_b="0.000000" m_c="0.000000" m_d="1.000000" m_tx="25.935829" m_ty="-0.534759"/>
   <element name="character_walter" layername="character_walter" frame="1" z_index="1" m_a="1.000000" m_b="0.000000" m_c="0.000000" m_d="1.000000" m_tx="84.759361" m_ty="-1.871658"/>
  </frame>
  <frame idx="750" w="240" h="135" x="12.973259" y="-10.500000">
   <element name="character_wormwood" layername="character_wormwood" frame="0" z_index="8" m_a="1.000000" m_b="0.000000" m_c="0.000000" m_d="1.000000" m_tx="-81.000000" m_ty="-65.000000"/>
   <element name="character_wormwood" layername="character_wormwood" frame="1" z_index="7" m_a="1.000000" m_b="0.000000" m_c="0.000000" m_d="1.000000" m_tx="-30.481283" m_ty="-63.368984"/>
   <element name="character_wortox" layername="character_wortox" frame="0" z_index="6" m_a="1.000000" m_b="0.000000" m_c="0.000000" m_d="1.000000" m_tx="22.192513" m_ty="-64.171120"/>
   <element name="character_wortox" layername="character_wortox" frame="1" z_index="5" m_a="1.000000" m_b="0.000000" m_c="0.000000" m_d="1.000000" m_tx="76.737968" m_ty="-63.636364"/>
   <element name="character_wurt" layername="character_wurt" frame="0" z_index="4" m_a="1.000000" m_b="0.000000" m_c="0.000000" m_d="1.000000" m_tx="-30.481283" m_ty="0.534759"/>
   <element name="character_wurt" layername="character_wurt" frame="1" z_index="3" m_a="1.000000" m_b="0.000000" m_c="0.000000" m_d="1.000000" m_tx="-85.026741" m_ty="-2.673797"/>
   <element name="character_walter" layername="character_walter" frame="0" z_index="2" m_a="1.000000" m_b="0.000000" m_c="0.000000" m_d="1.000000" m_tx="25.935829" m_ty="-0.534759"/>
   <element name="character_walter" layername="character_walter" frame="1" z_index="1" m_a="1.000000" m_b="0.000000" m_c="0.000000" m_d="1.000000" m_tx="84.759361" m_ty="-1.871658"/>
  </frame>
  <frame idx="775" w="240" h="135" x="12.973259" y="-10.500000">
   <element name="character_wormwood" layername="character_wormwood" frame="0" z_index="8" m_a="1.000000" m_b="0.000000" m_c="0.000000" m_d="1.000000" m_tx="-81.000000" m_ty="-65.000000"/>
   <element name="character_wormwood" layername="character_wormwood" frame="1" z_index="7" m_a="1.000000" m_b="0.000000" m_c="0.000000" m_d="1.000000" m_tx="-30.481283" m_ty="-63.368984"/>
   <element name="character_wortox" layername="character_wortox" frame="0" z_index="6" m_a="1.000000" m_b="0.000000" m_c="0.000000" m_d="1.000000" m_tx="22.192513" m_ty="-64.171120"/>
   <element name="character_wortox" layername="character_wortox" frame="1" z_index="5" m_a="1.000000" m_b="0.000000" m_c="0.000000" m_d="1.000000" m_tx="76.737968" m_ty="-63.636364"/>
   <element name="character_wurt" layername="character_wurt" frame="0" z_index="4" m_a="1.000000" m_b="0.000000" m_c="0.000000" m_d="1.000000" m_tx="-30.481283" m_ty="0.534759"/>
   <element name="character_wurt" layername="character_wurt" frame="1" z_index="3" m_a="1.000000" m_b="0.000000" m_c="0.000000" m_d="1.000000" m_tx="-85.026741" m_ty="-2.673797"/>
   <element name="character_walter" layername="character_walter" frame="0" z_index="2" m_a="1.000000" m_b="0.000000" m_c="0.000000" m_d="1.000000" m_tx="25.935829" m_ty="-0.534759"/>
   <element name="character_walter" layername="character_walter" frame="1" z_index="1" m_a="1.000000" m_b="0.000000" m_c="0.000000" m_d="1.000000" m_tx="84.759361" m_ty="-1.871658"/>
  </frame>
  <frame idx="800" w="240" h="135" x="12.973259" y="-10.500000">
   <element name="character_wormwood" layername="character_wormwood" frame="0" z_index="8" m_a="1.000000" m_b="0.000000" m_c="0.000000" m_d="1.000000" m_tx="-81.000000" m_ty="-65.000000"/>
   <element name="character_wormwood" layername="character_wormwood" frame="1" z_index="7" m_a="1.000000" m_b="0.000000" m_c="0.000000" m_d="1.000000" m_tx="-30.481283" m_ty="-63.368984"/>
   <element name="character_wortox" layername="character_wortox" frame="0" z_index="6" m_a="1.000000" m_b="0.000000" m_c="0.000000" m_d="1.000000" m_tx="22.192513" m_ty="-64.171120"/>
   <element name="character_wortox" layername="character_wortox" frame="1" z_index="5" m_a="1.000000" m_b="0.000000" m_c="0.000000" m_d="1.000000" m_tx="76.737968" m_ty="-63.636364"/>
   <element name="character_wurt" layername="character_wurt" frame="0" z_index="4" m_a="1.000000" m_b="0.000000" m_c="0.000000" m_d="1.000000" m_tx="-30.481283" m_ty="0.534759"/>
   <element name="character_wurt" layername="character_wurt" frame="1" z_index="3" m_a="1.000000" m_b="0.000000" m_c="0.000000" m_d="1.000000" m_tx="-85.026741" m_ty="-2.673797"/>
   <element name="character_walter" layername="character_walter" frame="0" z_index="2" m_a="1.000000" m_b="0.000000" m_c="0.000000" m_d="1.000000" m_tx="25.935829" m_ty="-0.534759"/>
   <element name="character_walter" layername="character_walter" frame="1" z_index="1" m_a="1.000000" m_b="0.000000" m_c="0.000000" m_d="1.000000" m_tx="84.759361" m_ty="-1.871658"/>
  </frame>
  <frame idx="825" w="240" h="135" x="12.973259" y="-10.500000">
   <element name="character_wormwood" layername="character_wormwood" frame="0" z_index="8" m_a="1.000000" m_b="0.000000" m_c="0.000000" m_d="1.000000" m_tx="-81.000000" m_ty="-65.000000"/>
   <element name="character_wormwood" layername="character_wormwood" frame="1" z_index="7" m_a="1.000000" m_b="0.000000" m_c="0.000000" m_d="1.000000" m_tx="-30.481283" m_ty="-63.368984"/>
   <element name="character_wortox" layername="character_wortox" frame="0" z_index="6" m_a="1.000000" m_b="0.000000" m_c="0.000000" m_d="1.000000" m_tx="22.192513" m_ty="-64.171120"/>
   <element name="character_wortox" layername="character_wortox" frame="1" z_index="5" m_a="1.000000" m_b="0.000000" m_c="0.000000" m_d="1.000000" m_tx="76.737968" m_ty="-63.636364"/>
   <element name="character_wurt" layername="character_wurt" frame="0" z_index="4" m_a="1.000000" m_b="0.000000" m_c="0.000000" m_d="1.000000" m_tx="-30.481283" m_ty="0.534759"/>
   <element name="character_wurt" layername="character_wurt" frame="1" z_index="3" m_a="1.000000" m_b="0.000000" m_c="0.000000" m_d="1.000000" m_tx="-85.026741" m_ty="-2.673797"/>
   <element name="character_walter" layername="character_walter" frame="0" z_index="2" m_a="1.000000" m_b="0.000000" m_c="0.000000" m_d="1.000000" m_tx="25.935829" m_ty="-0.534759"/>
   <element name="character_walter" layername="character_walter" frame="1" z_index="1" m_a="1.000000" m_b="0.000000" m_c="0.000000" m_d="1.000000" m_tx="84.759361" m_ty="-1.871658"/>
  </frame>
  <frame idx="850" w="240" h="135" x="12.973259" y="-10.500000">
   <element name="character_wormwood" layername="character_wormwood" frame="0" z_index="8" m_a="1.000000" m_b="0.000000" m_c="0.000000" m_d="1.000000" m_tx="-81.000000" m_ty="-65.000000"/>
   <element name="character_wormwood" layername="character_wormwood" frame="1" z_index="7" m_a="1.000000" m_b="0.000000" m_c="0.000000" m_d="1.000000" m_tx="-30.481283" m_ty="-63.368984"/>
   <element name="character_wortox" layername="character_wortox" frame="0" z_index="6" m_a="1.000000" m_b="0.000000" m_c="0.000000" m_d="1.000000" m_tx="22.192513" m_ty="-64.171120"/>
   <element name="character_wortox" layername="character_wortox" frame="1" z_index="5" m_a="1.000000" m_b="0.000000" m_c="0.000000" m_d="1.000000" m_tx="76.737968" m_ty="-63.636364"/>
   <element name="character_wurt" layername="character_wurt" frame="0" z_index="4" m_a="1.000000" m_b="0.000000" m_c="0.000000" m_d="1.000000" m_tx="-30.481283" m_ty="0.534759"/>
   <element name="character_wurt" layername="character_wurt" frame="1" z_index="3" m_a="1.000000" m_b="0.000000" m_c="0.000000" m_d="1.000000" m_tx="-85.026741" m_ty="-2.673797"/>
   <element name="character_walter" layername="character_walter" frame="0" z_index="2" m_a="1.000000" m_b="0.000000" m_c="0.000000" m_d="1.000000" m_tx="25.935829" m_ty="-0.534759"/>
   <element name="character_walter" layername="character_walter" frame="1" z_index="1" m_a="1.000000" m_b="0.000000" m_c="0.000000" m_d="1.000000" m_tx="84.759361" m_ty="-1.871658"/>
  </frame>
  <frame idx="875" w="240" h="135" x="12.973259" y="-10.500000">
   <element name="character_wormwood" layername="character_wormwood" frame="0" z_index="8" m_a="1.000000" m_b="0.000000" m_c="0.000000" m_d="1.000000" m_tx="-81.000000" m_ty="-65.000000"/>
   <element name="character_wormwood" layername="character_wormwood" frame="1" z_index="7" m_a="1.000000" m_b="0.000000" m_c="0.000000" m_d="1.000000" m_tx="-30.481283" m_ty="-63.368984"/>
   <element name="character_wortox" layername="character_wortox" frame="0" z_index="6" m_a="1.000000" m_b="0.000000" m_c="0.000000" m_d="1.000000" m_tx="22.192513" m_ty="-64.171120"/>
   <element name="character_wortox" layername="character_wortox" frame="1" z_index="5" m_a="1.000000" m_b="0.000000" m_c="0.000000" m_d="1.000000" m_tx="76.737968" m_ty="-63.636364"/>
   <element name="character_wurt" layername="character_wurt" frame="0" z_index="4" m_a="1.000000" m_b="0.000000" m_c="0.000000" m_d="1.000000" m_tx="-30.481283" m_ty="0.534759"/>
   <element name="character_wurt" layername="character_wurt" frame="1" z_index="3" m_a="1.000000" m_b="0.000000" m_c="0.000000" m_d="1.000000" m_tx="-85.026741" m_ty="-2.673797"/>
   <element name="character_walter" layername="character_walter" frame="0" z_index="2" m_a="1.000000" m_b="0.000000" m_c="0.000000" m_d="1.000000" m_tx="25.935829" m_ty="-0.534759"/>
   <element name="character_walter" layername="character_walter" frame="1" z_index="1" m_a="1.000000" m_b="0.000000" m_c="0.000000" m_d="1.000000" m_tx="84.759361" m_ty="-1.871658"/>
  </frame>
  <frame idx="900" w="240" h="135" x="12.973259" y="-10.500000">
   <element name="character_wormwood" layername="character_wormwood" frame="0" z_index="8" m_a="1.000000" m_b="0.000000" m_c="0.000000" m_d="1.000000" m_tx="-81.000000" m_ty="-65.000000"/>
   <element name="character_wormwood" layername="character_wormwood" frame="1" z_index="7" m_a="1.000000" m_b="0.000000" m_c="0.000000" m_d="1.000000" m_tx="-30.481283" m_ty="-63.368984"/>
   <element name="character_wortox" layername="character_wortox" frame="0" z_index="6" m_a="1.000000" m_b="0.000000" m_c="0.000000" m_d="1.000000" m_tx="22.192513" m_ty="-64.171120"/>
   <element name="character_wortox" layername="character_wortox" frame="1" z_index="5" m_a="1.000000" m_b="0.000000" m_c="0.000000" m_d="1.000000" m_tx="76.737968" m_ty="-63.636364"/>
   <element name="character_wurt" layername="character_wurt" frame="0" z_index="4" m_a="1.000000" m_b="0.000000" m_c="0.000000" m_d="1.000000" m_tx="-30.481283" m_ty="0.534759"/>
   <element name="character_wurt" layername="character_wurt" frame="1" z_index="3" m_a="1.000000" m_b="0.000000" m_c="0.000000" m_d="1.000000" m_tx="-85.026741" m_ty="-2.673797"/>
   <element name="character_walter" layername="character_walter" frame="0" z_index="2" m_a="1.000000" m_b="0.000000" m_c="0.000000" m_d="1.000000" m_tx="25.935829" m_ty="-0.534759"/>
   <element name="character_walter" layername="character_walter" frame="1" z_index="1" m_a="1.000000" m_b="0.000000" m_c="0.000000" m_d="1.000000" m_tx="84.759361" m_ty="-1.871658"/>
  </frame>
  <frame idx="925" w="240" h="135" x="12.973259" y="-10.500000">
   <element name="character_wormwood" layername="character_wormwood" frame="0" z_index="8" m_a="1.000000" m_b="0.000000" m_c="0.000000" m_d="1.000000" m_tx="-81.000000" m_ty="-65.000000"/>
   <element name="character_wormwood" layername="character_wormwood" frame="1" z_index="7" m_a="1.000000" m_b="0.000000" m_c="0.000000" m_d="1.000000" m_tx="-30.481283" m_ty="-63.368984"/>
   <element name="character_wortox" layername="character_wortox" frame="0" z_index="6" m_a="1.000000" m_b="0.000000" m_c="0.000000" m_d="1.000000" m_tx="22.192513" m_ty="-64.171120"/>
   <element name="character_wortox" layername="character_wortox" frame="1" z_index="5" m_a="1.000000" m_b="0.000000" m_c="0.000000" m_d="1.000000" m_tx="76.737968" m_ty="-63.636364"/>
   <element name="character_wurt" layername="character_wurt" frame="0" z_index="4" m_a="1.000000" m_b="0.000000" m_c="0.000000" m_d="1.000000" m_tx="-30.481283" m_ty="0.534759"/>
   <element name="character_wurt" layername="character_wurt" frame="1" z_index="3" m_a="1.000000" m_b="0.000000" m_c="0.000000" m_d="1.000000" m_tx="-85.026741" m_ty="-2.673797"/>
   <element name="character_walter" layername="character_walter" frame="0" z_index="2" m_a="1.000000" m_b="0.000000" m_c="0.000000" m_d="1.000000" m_tx="25.935829" m_ty="-0.534759"/>
   <element name="character_walter" layername="character_walter" frame="1" z_index="1" m_a="1.000000" m_b="0.000000" m_c="0.000000" m_d="1.000000" m_tx="84.759361" m_ty="-1.871658"/>
  </frame>
  <frame idx="950" w="240" h="135" x="12.973259" y="-10.500000">
   <element name="character_wormwood" layername="character_wormwood" frame="0" z_index="8" m_a="1.000000" m_b="0.000000" m_c="0.000000" m_d="1.000000" m_tx="-81.000000" m_ty="-65.000000"/>
   <element name="character_wormwood" layername="character_wormwood" frame="1" z_index="7" m_a="1.000000" m_b="0.000000" m_c="0.000000" m_d="1.000000" m_tx="-30.481283" m_ty="-63.368984"/>
   <element name="character_wortox" layername="character_wortox" frame="0" z_index="6" m_a="1.000000" m_b="0.000000" m_c="0.000000" m_d="1.000000" m_tx="22.192513" m_ty="-64.171120"/>
   <element name="character_wortox" layername="character_wortox" frame="1" z_index="5" m_a="1.000000" m_b="0.000000" m_c="0.000000" m_d="1.000000" m_tx="76.737968" m_ty="-63.636364"/>
   <element name="character_wurt" layername="character_wurt" frame="0" z_index="4" m_a="1.000000" m_b="0.000000" m_c="0.000000" m_d="1.000000" m_tx="-30.481283" m_ty="0.534759"/>
   <element name="character_wurt" layername="character_wurt" frame="1" z_index="3" m_a="1.000000" m_b="0.000000" m_c="0.000000" m_d="1.000000" m_tx="-85.026741" m_ty="-2.673797"/>
   <element name="character_walter" layername="character_walter" frame="0" z_index="2" m_a="1.000000" m_b="0.000000" m_c="0.000000" m_d="1.000000" m_tx="25.935829" m_ty="-0.534759"/>
   <element name="character_walter" layername="character_walter" frame="1" z_index="1" m_a="1.000000" m_b="0.000000" m_c="0.000000" m_d="1.000000" m_tx="84.759361" m_ty="-1.871658"/>
  </frame>
  <frame idx="975" w="240" h="135" x="12.973259" y="-10.500000">
   <element name="character_wormwood" layername="character_wormwood" frame="0" z_index="8" m_a="1.000000" m_b="0.000000" m_c="0.000000" m_d="1.000000" m_tx="-81.000000" m_ty="-65.000000"/>
   <element name="character_wormwood" layername="character_wormwood" frame="1" z_index="7" m_a="1.000000" m_b="0.000000" m_c="0.000000" m_d="1.000000" m_tx="-30.481283" m_ty="-63.368984"/>
   <element name="character_wortox" layername="character_wortox" frame="0" z_index="6" m_a="1.000000" m_b="0.000000" m_c="0.000000" m_d="1.000000" m_tx="22.192513" m_ty="-64.171120"/>
   <element name="character_wortox" layername="character_wortox" frame="1" z_index="5" m_a="1.000000" m_b="0.000000" m_c="0.000000" m_d="1.000000" m_tx="76.737968" m_ty="-63.636364"/>
   <element name="character_wurt" layername="character_wurt" frame="0" z_index="4" m_a="1.000000" m_b="0.000000" m_c="0.000000" m_d="1.000000" m_tx="-30.481283" m_ty="0.534759"/>
   <element name="character_wurt" layername="character_wurt" frame="1" z_index="3" m_a="1.000000" m_b="0.000000" m_c="0.000000" m_d="1.000000" m_tx="-85.026741" m_ty="-2.673797"/>
   <element name="character_walter" layername="character_walter" frame="0" z_index="2" m_a="1.000000" m_b="0.000000" m_c="0.000000" m_d="1.000000" m_tx="25.935829" m_ty="-0.534759"/>
   <element name="character_walter" layername="character_walter" frame="1" z_index="1" m_a="1.000000" m_b="0.000000" m_c="0.000000" m_d="1.000000" m_tx="84.759361" m_ty="-1.871658"/>
  </frame>
 </anim>
</Anims>
